Symbol,GENE_BELONG_CATEGORY,重叠数量_同源重组（HR）,重叠数量_非同源末端连接（NHEJ）,重叠数量_碱基切除修复（BER）,重叠数量_核苷酸切除修复（NER）,重叠数量_错配修复（MMR）,重叠数量_跨损伤合成（TLS）,重叠数量_直接修复（DRR）,重叠数量_损伤应答检查点（CP）,重叠数量_未分类,STANDARD_NAME
CHEK2,混合(HR+BER),1,0,1,0,0,0,0,0,19,"['AGUIRRE_PANCREATIC_CANCER_COPY_NUMBER_DN', 'BIOCARTA_ATM_PATHWAY', 'BIOCARTA_ATRBRCA_PATHWAY', 'BIOCARTA_G2_PATHWAY', 'CASORELLI_ACUTE_PROMYELOCYTIC_LEUKEMIA_DN', 'DNA_DAMAGE_CHECKPOINT', 'DODD_NASOPHARYNGEAL_CARCINOMA_UP', 'GOBP_APOPTOTIC_PROCESS', 'GOBP_CHROMOSOME_ORGANIZATION', 'GOBP_DNA_DAMAGE_RESPONSE', 'GOBP_DNA_DAMAGE_RESPONSE_SIGNAL_TRANSDUCTION_BY_P53_CLASS_MEDIATOR', 'GOBP_DNA_INTEGRITY_CHECKPOINT_SIGNALING', 'GOBP_DNA_REPAIR', 'GOBP_DOUBLE_STRAND_BREAK_REPAIR', 'GOBP_INTRINSIC_APOPTOTIC_SIGNALING_PATHWAY', 'GOBP_INTRINSIC_APOPTOTIC_SIGNALING_PATHWAY_IN_RESPONSE_TO_DNA_DAMAGE', 'GOBP_INTRINSIC_APOPTOTIC_SIGNALING_PATHWAY_IN_RESPONSE_TO_DNA_DAMAGE_BY_P53_CLASS_MEDIATOR', 'GOBP_MITOTIC_DNA_INTEGRITY_CHECKPOINT_SIGNALING', 'GOBP_MITOTIC_INTRA_S_DNA_DAMAGE_CHECKPOINT_SIGNALING', 'GOBP_MITOTIC_NUCLEAR_DIVISION', 'GOBP_REGULATION_OF_DNA_DAMAGE_CHECKPOINT', 'GOBP_SIGNAL_TRANSDUCTION_IN_RESPONSE_TO_DNA_DAMAGE', 'GOBP_SPINDLE_ORGANIZATION', 'GOCC_CHROMOSOME', 'HP_TYPIFIED_BY_SOMATIC_MOSAICISM', 'KAUFFMANN_DNA_REPAIR_GENES', 'KAUFFMANN_MELANOMA_RELAPSE_UP', 'KEGG_CELL_CYCLE', 'KEGG_P53_SIGNALING_PATHWAY', 'MODULE_244', 'PULVER_FOREY_PERTURB_ATTRITION_M_EG1', 'PULVER_FOREY_PERTURB_ATTRITION_S', 'REACTOME_DNA_DOUBLE_STRAND_BREAK_REPAIR', 'REACTOME_DNA_DOUBLE_STRAND_BREAK_RESPONSE', 'REACTOME_DNA_REPAIR', 'REACTOME_G1_S_DNA_DAMAGE_CHECKPOINTS', 'REACTOME_G2_M_DNA_DAMAGE_CHECKPOINT', 'REACTOME_P53_INDEPENDENT_G1_S_DNA_DAMAGE_CHECKPOINT', 'WAKASUGI_HAVE_ZNF143_BINDING_SITES', 'WHITFIELD_CELL_CYCLE_G2', 'WP_DNA_DAMAGE_RESPONSE', 'WP_DNA_IRDAMAGE_AND_CELLULAR_RESPONSE_VIA_ATR', 'WP_DNA_IRDOUBLE_STRAND_BREAKS_AND_CELLULAR_RESPONSE_VIA_ATM', 'WP_MIRNA_REGULATION_OF_DNA_DAMAGE_RESPONSE']"
H2AX,混合(HR+BER+NER),2,0,2,1,0,0,0,0,49,"['ACEVEDO_LIVER_CANCER_UP', 'ACEVEDO_LIVER_TUMOR_VS_NORMAL_ADJACENT_TISSUE_UP', 'COLLIS_PRKDC_SUBSTRATES', 'DAZARD_RESPONSE_TO_UV_NHEK_UP', 'DAZARD_UV_RESPONSE_CLUSTER_G5', 'GOBP_CHROMATIN_ORGANIZATION', 'GOBP_CHROMATIN_REMODELING', 'GOBP_DNA_DAMAGE_RESPONSE', 'GOBP_DNA_INTEGRITY_CHECKPOINT_SIGNALING', 'GOBP_DNA_REPAIR', 'GOBP_DOUBLE_STRAND_BREAK_REPAIR', 'GOBP_NEGATIVE_REGULATION_OF_GENE_EXPRESSION_EPIGENETIC', 'GOBP_POSITIVE_REGULATION_OF_DNA_REPAIR', 'GOBP_PROTEIN_LOCALIZATION_TO_SITE_OF_DOUBLE_STRAND_BREAK', 'GOBP_RECOMBINATIONAL_REPAIR', 'GOBP_REGULATION_OF_DNA_REPAIR', 'GOBP_SIGNAL_TRANSDUCTION_IN_RESPONSE_TO_DNA_DAMAGE', 'GOCC_CHROMOSOME', 'GOCC_CONDENSED_CHROMOSOME', 'GOCC_CONDENSED_NUCLEAR_CHROMOSOME', 'GOCC_NUCLEOSOME', 'GOCC_PROTEIN_DNA_COMPLEX', 'GOCC_REPLICATION_FORK', 'GOCC_SITE_OF_DNA_DAMAGE', 'GOCC_SITE_OF_DOUBLE_STRAND_BREAK', 'GOMF_HISTONE_BINDING', 'GSE8835_HEALTHY_VS_CLL_CD8_TCELL_UP', 'HORIUCHI_WTAP_TARGETS_DN', 'KAUFFMANN_DNA_REPAIR_GENES', 'LASTOWSKA_NEUROBLASTOMA_COPY_NUMBER_DN', 'MARTENS_TRETINOIN_RESPONSE_DN', 'MODULE_392', 'PATIL_LIVER_CANCER', 'PULVER_FOREY_CELLCYCLE_PEAKING_G2', 'PULVER_FOREY_PERTURB_ACCUMULATION_G1_S', 'REACTOME_BASE_EXCISION_REPAIR', 'REACTOME_DNA_DAMAGE_TELOMERE_STRESS_INDUCED_SENESCENCE', 'REACTOME_DNA_DOUBLE_STRAND_BREAK_REPAIR', 'REACTOME_DNA_DOUBLE_STRAND_BREAK_RESPONSE', 'REACTOME_DNA_METHYLATION', 'REACTOME_DNA_REPAIR', 'REACTOME_DNA_REPLICATION', 'REACTOME_DNA_REPLICATION_PRE_INITIATION', 'REACTOME_DOUBLE_STRAND_BREAK_REPAIR', 'REACTOME_G2_M_DNA_DAMAGE_CHECKPOINT', 'REACTOME_HOMOLOGOUS_RECOMBINATION_REPAIR_OF_REPLICATION_INDEPENDENT_DOUBLE_STRAND_BREAKS', 'REACTOME_HOMOLOGY_DIRECTED_REPAIR', 'REACTOME_INHIBITION_OF_DNA_RECOMBINATION_AT_TELOMERE', 'REACTOME_PRC2_METHYLATES_HISTONES_AND_DNA', 'REACTOME_PROCESSING_OF_DNA_DOUBLE_STRAND_BREAK_ENDS', 'REACTOME_RECOGNITION_AND_ASSOCIATION_OF_DNA_GLYCOSYLASE_WITH_SITE_CONTAINING_AN_AFFECTED_PURINE', 'REN_BOUND_BY_E2F', 'RHODES_UNDIFFERENTIATED_CANCER', 'ROSTY_CERVICAL_CANCER_PROLIFERATION_CLUSTER', 'SONG_TARGETS_OF_IE86_CMV_PROTEIN', 'SU_HO_CONV_CENT_CHONDROSARCOMA_C7_PROLIFERATIVE', 'SU_HO_FOETAL_FEMUR_C3_PROLIFERATING_CHONDROCYTE', 'WANG_CISPLATIN_RESPONSE_AND_XPC_UP', 'WHITFIELD_CELL_CYCLE_G2', 'WP_DNA_DAMAGE_RESPONSE', 'WP_DNA_IRDAMAGE_AND_CELLULAR_RESPONSE_VIA_ATR', 'WP_DNA_IRDOUBLE_STRAND_BREAKS_AND_CELLULAR_RESPONSE_VIA_ATM', 'WP_DNA_REPAIR_PATHWAYS_FULL_NETWORK', 'WP_MIRNAS_INVOLVED_IN_DNA_DAMAGE_RESPONSE', 'WP_MIRNA_REGULATION_OF_DNA_DAMAGE_RESPONSE', 'WP_NIPBL_ROLE_IN_DNA_DAMAGE_CORNELIA_DE_LANGE_SYNDROME', 'ZHOU_CELL_CYCLE_GENES_IN_IR_RESPONSE_24HR', 'ZHOU_CELL_CYCLE_GENES_IN_IR_RESPONSE_6HR']"
RPS3,碱基切除修复（BER）,0,0,2,0,0,0,0,0,23,"['CARRILLOREIXACH_HEPATOBLASTOMA_VS_NORMAL_UP', 'ENK_UV_RESPONSE_KERATINOCYTE_UP', 'GOBP_APOPTOTIC_PROCESS', 'GOBP_BASE_EXCISION_REPAIR', 'GOBP_DNA_DAMAGE_RESPONSE', 'GOBP_DNA_REPAIR', 'GOBP_INTRINSIC_APOPTOTIC_SIGNALING_PATHWAY', 'GOBP_INTRINSIC_APOPTOTIC_SIGNALING_PATHWAY_IN_RESPONSE_TO_DNA_DAMAGE', 'GOBP_NEGATIVE_REGULATION_OF_DNA_REPAIR', 'GOBP_POSITIVE_REGULATION_OF_DNA_REPAIR', 'GOBP_POSITIVE_REGULATION_OF_INTRINSIC_APOPTOTIC_SIGNALING_PATHWAY_IN_RESPONSE_TO_DNA_DAMAGE', 'GOBP_REGULATION_OF_DNA_REPAIR', 'GOBP_REGULATION_OF_INTRINSIC_APOPTOTIC_SIGNALING_PATHWAY_IN_RESPONSE_TO_DNA_DAMAGE', 'GOBP_SPINDLE_ORGANIZATION', 'GOCC_NUCLEOLUS', 'GOMF_DNA_APURINIC_OR_APYRIMIDINIC_SITE_ENDONUCLEASE_ACTIVITY', 'GOMF_DNA_BINDING_TRANSCRIPTION_FACTOR_BINDING', 'GOMF_DNA_N_GLYCOSYLASE_ACTIVITY', 'GOMF_MRNA_BINDING', 'GOMF_OXIDIZED_DNA_BINDING', 'GOMF_RNA_POLYMERASE_II_TRANSCRIPTION_REGULATORY_REGION_SEQUENCE_SPECIFIC_DNA_BINDING', 'GOMF_SEQUENCE_SPECIFIC_DNA_BINDING', 'GOMF_SUPERCOILED_DNA_BINDING', 'LASTOWSKA_NEUROBLASTOMA_COPY_NUMBER_DN', 'MARTENS_TRETINOIN_RESPONSE_DN', 'PULVER_FOREY_PERTURB_ACCUMULATION_S', 'PULVER_FOREY_PERTURB_ATTRITION_LG1', 'SU_HO_CONV_CENT_CHONDROSARCOMA_C4_HIGH_GRADE_CHONDROSARCOMA_1', 'SU_HO_FOETAL_FEMUR_C0_TRANSITIONING_CELL', 'TIEN_INTESTINE_PROBIOTICS_24HR_DN']"
CBX5,混合(BER+MMR),0,0,1,0,1,0,0,0,24,"['AGUIRRE_PANCREATIC_CANCER_COPY_NUMBER_DN', 'CARRILLOREIXACH_HEPATOBLASTOMA_VS_NORMAL_UP', 'CHICAS_RB1_TARGETS_GROWING', 'CHICAS_RB1_TARGETS_SENESCENT', 'CHROMOSOMAL_PART', 'DODD_NASOPHARYNGEAL_CARCINOMA_UP', 'GOBP_CHROMATIN_ORGANIZATION', 'GOBP_CHROMATIN_REMODELING', 'GOBP_DNA_DAMAGE_RESPONSE', 'GOBP_NEGATIVE_REGULATION_OF_GENE_EXPRESSION_EPIGENETIC', 'GOCC_CHROMOSOME', 'GOCC_CHROMOSOME_CENTROMERIC_REGION', 'GOCC_CONDENSED_CHROMOSOME', 'GOCC_KINETOCHORE', 'GOCC_NUCLEOLUS', 'GOCC_SITE_OF_DNA_DAMAGE', 'GOCC_TRANSCRIPTION_REGULATOR_COMPLEX', 'GOMF_DNA_BINDING_TRANSCRIPTION_FACTOR_BINDING', 'GOMF_HISTONE_BINDING', 'LU_AGING_BRAIN_DN', 'NUCLEAR_CHROMATIN', 'POMEROY_MEDULLOBLASTOMA_DESMOPLASIC_VS_CLASSIC_UP', 'POMEROY_MEDULLOBLASTOMA_PROGNOSIS_DN', 'PULVER_FOREY_CELLCYCLE_PEAKING_S2', 'REN_BOUND_BY_E2F', 'SU_HO_FOETAL_FEMUR_C3_PROLIFERATING_CHONDROCYTE', 'WATANABE_COLON_CANCER_MSI_VS_MSS_DN', 'WHITFIELD_CELL_CYCLE_G2']"
CBX3,核苷酸切除修复（NER）,0,0,0,3,0,0,0,0,26,"['BILD_CTNNB1_ONCOGENIC_SIGNATURE', 'BOYAULT_LIVER_CANCER_SUBCLASS_G3_UP', 'DODD_NASOPHARYNGEAL_CARCINOMA_UP', 'ENK_UV_RESPONSE_KERATINOCYTE_DN', 'FLECHNER_BIOPSY_KIDNEY_TRANSPLANT_OK_VS_DONOR_UP', 'GENTILE_UV_RESPONSE_CLUSTER_D8', 'GOBP_CHROMATIN_ORGANIZATION', 'GOBP_CHROMATIN_REMODELING', 'GOBP_DNA_DAMAGE_RESPONSE', 'GOBP_NEGATIVE_REGULATION_OF_GENE_EXPRESSION_EPIGENETIC', 'GOCC_CHROMOSOME', 'GOCC_CHROMOSOME_CENTROMERIC_REGION', 'GOCC_CONDENSED_CHROMOSOME', 'GOCC_SITE_OF_DNA_DAMAGE', 'GOCC_TRANSCRIPTION_REGULATOR_COMPLEX', 'GOMF_HISTONE_BINDING', 'GOMF_TRANSCRIPTION_COREGULATOR_BINDING', 'KYNG_WERNER_SYNDROM_AND_NORMAL_AGING_DN', 'LI_AMPLIFIED_IN_LUNG_CANCER', 'MARTENS_TRETINOIN_RESPONSE_DN', 'PULVER_FOREY_CELLCYCLE_ENRICHED_TFS_G2', 'PULVER_FOREY_CELLCYCLE_ENRICHED_TFS_G2_M', 'PULVER_FOREY_CELLCYCLE_ENRICHED_TFS_S2', 'RHODES_CANCER_META_SIGNATURE', 'SCHLOSSER_MYC_TARGETS_REPRESSED_BY_SERUM', 'SCHLOSSER_SERUM_RESPONSE_DN', 'SU_HO_CONV_CENT_CHONDROSARCOMA_C1_HIGH_GRADE_CHONDROSARCOMA_2', 'SU_HO_FOETAL_FEMUR_C3_PROLIFERATING_CHONDROCYTE', 'WANG_LMO4_TARGETS_UP', 'WHITFIELD_CELL_CYCLE_M_G1', 'WP_NIPBL_ROLE_IN_DNA_DAMAGE_CORNELIA_DE_LANGE_SYNDROME']"
PARP1,混合(NER+BER+HR),2,0,4,8,0,0,0,0,42,"['ABRAMSON_INTERACT_WITH_AIRE', 'ACEVEDO_LIVER_CANCER_UP', 'ACEVEDO_LIVER_TUMOR_VS_NORMAL_ADJACENT_TISSUE_UP', 'BAELDE_DIABETIC_NEPHROPATHY_DN', 'BIOCARTA_CHEMICAL_PATHWAY', 'COLLIS_PRKDC_SUBSTRATES', 'ENK_UV_RESPONSE_KERATINOCYTE_DN', 'FLECHNER_BIOPSY_KIDNEY_TRANSPLANT_OK_VS_DONOR_UP', 'FLECHNER_PBL_KIDNEY_TRANSPLANT_REJECTED_VS_OK_UP', 'GENTILE_UV_RESPONSE_CLUSTER_D8', 'GOBP_APOPTOTIC_PROCESS', 'GOBP_BASE_EXCISION_REPAIR', 'GOBP_CANONICAL_NF_KAPPAB_SIGNAL_TRANSDUCTION', 'GOBP_CGAS_STING_SIGNALING_PATHWAY', 'GOBP_CHROMOSOME_ORGANIZATION', 'GOBP_DNA_DAMAGE_RESPONSE', 'GOBP_DNA_REPAIR', 'GOBP_DNA_REPLICATION', 'GOBP_DNA_TEMPLATED_DNA_REPLICATION', 'GOBP_DNA_TEMPLATED_DNA_REPLICATION_MAINTENANCE_OF_FIDELITY', 'GOBP_DOUBLE_STRAND_BREAK_REPAIR', 'GOBP_INTRINSIC_APOPTOTIC_SIGNALING_PATHWAY', 'GOBP_MITOCHONDRIAL_DNA_REPAIR', 'GOBP_POSITIVE_REGULATION_OF_DNA_RECOMBINATION', 'GOBP_POSITIVE_REGULATION_OF_DNA_REPAIR', 'GOBP_POSITIVE_REGULATION_OF_DOUBLE_STRAND_BREAK_REPAIR_VIA_HOMOLOGOUS_RECOMBINATION', 'GOBP_RECOMBINATIONAL_REPAIR', 'GOBP_REGULATION_OF_DNA_RECOMBINATION', 'GOBP_REGULATION_OF_DNA_REPAIR', 'GOBP_REGULATION_OF_DOUBLE_STRAND_BREAK_REPAIR_VIA_HOMOLOGOUS_RECOMBINATION', 'GOBP_SINGLE_STRAND_BREAK_REPAIR', 'GOBP_TELOMERE_ORGANIZATION', 'GOCC_CHROMOSOME', 'GOCC_NUCLEAR_REPLICATION_FORK', 'GOCC_NUCLEOLUS', 'GOCC_PROTEIN_DNA_COMPLEX', 'GOCC_REPLICATION_FORK', 'GOCC_SITE_OF_DNA_DAMAGE', 'GOCC_SITE_OF_DOUBLE_STRAND_BREAK', 'GOCC_TRANSCRIPTION_REGULATOR_COMPLEX', 'GOMF_DNA_BINDING_TRANSCRIPTION_FACTOR_BINDING', 'GOMF_NUCLEOSOME_BINDING', 'GOMF_RNA_POLYMERASE_II_SPECIFIC_DNA_BINDING_TRANSCRIPTION_FACTOR_BINDING', 'GSE8835_HEALTHY_VS_CLL_CD8_TCELL_UP', 'KAUFFMANN_DNA_REPAIR_GENES', 'KEGG_BASE_EXCISION_REPAIR', 'MATTIOLI_MGUS_VS_PCL', 'OUELLET_OVARIAN_CANCER_INVASIVE_VS_LMP_UP', 'PRAMOONJAGO_SOX4_TARGETS_DN', 'PULVER_FOREY_PERTURB_ATTRITION_S', 'QI_PBMC_ZOSTAVAX_AGE_50_75YO_CORRELATED_WITH_CONTRACTION_OF_VZV_SPECIFIC_T_CELLS_PEAK_TO_28DY_AT_1DYPOSITIVE', 'QI_PBMC_ZOSTAVAX_AGE_50_75YO_CORRELATED_WITH_EXPANSION_OF_VZV_SPECIFIC_T_CELLS_TO_PEAK_AT_1DY_POSITIVE', 'REACTOME_BASE_EXCISION_REPAIR', 'REACTOME_DNA_DAMAGE_RECOGNITION_IN_GG_NER', 'REACTOME_DNA_DOUBLE_STRAND_BREAK_REPAIR', 'REACTOME_DNA_REPAIR', 'REACTOME_GLOBAL_GENOME_NUCLEOTIDE_EXCISION_REPAIR_GG_NER', 'REACTOME_HOMOLOGY_DIRECTED_REPAIR', 'REACTOME_NUCLEOTIDE_EXCISION_REPAIR', 'REACTOME_POLB_DEPENDENT_LONG_PATCH_BASE_EXCISION_REPAIR', 'REACTOME_SUMOYLATION_OF_DNA_DAMAGE_RESPONSE_AND_REPAIR_PROTEINS', 'SPIELMAN_LYMPHOBLAST_EUROPEAN_VS_ASIAN_UP', 'SU_HO_CONV_CENT_CHONDROSARCOMA_C7_PROLIFERATIVE', 'WEI_MYCN_TARGETS_WITH_E_BOX', 'WP_BASE_EXCISION_REPAIR', 'WP_DNA_IRDAMAGE_AND_CELLULAR_RESPONSE_VIA_ATR', 'WP_DNA_IRDOUBLE_STRAND_BREAKS_AND_CELLULAR_RESPONSE_VIA_ATM', 'WP_DNA_REPAIR_PATHWAYS_FULL_NETWORK', 'WP_NUCLEOTIDE_EXCISION_REPAIR_IN_XERODERMA_PIGMENTOSUM']"
XRCC5,混合(NHEJ+HR+NER),1,6,0,1,0,0,0,0,33,"['BAELDE_DIABETIC_NEPHROPATHY_DN', 'BIOCARTA_TEL_PATHWAY', 'CASORELLI_ACUTE_PROMYELOCYTIC_LEUKEMIA_DN', 'COLLIS_PRKDC_REGULATORS', 'DODD_NASOPHARYNGEAL_CARCINOMA_UP', 'FLECHNER_PBL_KIDNEY_TRANSPLANT_REJECTED_VS_OK_UP', 'GNF2_XRCC5', 'GOBP_CHROMOSOME_ORGANIZATION', 'GOBP_DNA_DAMAGE_RESPONSE', 'GOBP_DNA_REPAIR', 'GOBP_DOUBLE_STRAND_BREAK_REPAIR', 'GOBP_DOUBLE_STRAND_BREAK_REPAIR_VIA_NONHOMOLOGOUS_END_JOINING', 'GOBP_RECOMBINATIONAL_REPAIR', 'GOBP_RNA_TEMPLATED_DNA_BIOSYNTHETIC_PROCESS', 'GOBP_TELOMERE_ORGANIZATION', 'GOCC_CHROMOSOME', 'GOCC_CHROMOSOME_TELOMERIC_REPEAT_REGION', 'GOCC_DNA_DEPENDENT_PROTEIN_KINASE_COMPLEX', 'GOCC_DNA_DEPENDENT_PROTEIN_KINASE_DNA_LIGASE_4_COMPLEX', 'GOCC_DNA_REPAIR_COMPLEX', 'GOCC_NONHOMOLOGOUS_END_JOINING_COMPLEX', 'GOCC_NUCLEOLUS', 'GOCC_PROTEIN_DNA_COMPLEX', 'GOCC_SITE_OF_DNA_DAMAGE', 'GOMF_DNA_HELICASE_ACTIVITY', 'GOMF_SEQUENCE_SPECIFIC_DNA_BINDING', 'KAUFFMANN_DNA_REPAIR_GENES', 'KAUFFMANN_MELANOMA_RELAPSE_UP', 'KEGG_NON_HOMOLOGOUS_END_JOINING', 'LOPEZ_MBD_TARGETS', 'MODULE_244', 'MODULE_403', 'MORF_DNMT1', 'MORF_XRCC5', 'NATSUME_RESPONSE_TO_INTERFERON_BETA_DN', 'PULVER_FOREY_CELLCYCLE_ENRICHED_TFS_G2', 'PULVER_FOREY_CELLCYCLE_ENRICHED_TFS_G2_M', 'PULVER_FOREY_CELLCYCLE_ENRICHED_TFS_S2', 'PULVER_FOREY_CELLCYCLE_PEAKING_S1', 'PULVER_FOREY_PERTURB_ACCUMULATION_S', 'REACTOME_CYTOSOLIC_SENSORS_OF_PATHOGEN_ASSOCIATED_DNA', 'REACTOME_DNA_DOUBLE_STRAND_BREAK_REPAIR', 'REACTOME_DNA_REPAIR', 'REACTOME_DOUBLE_STRAND_BREAK_REPAIR', 'SCHLOSSER_SERUM_RESPONSE_DN', 'STRUCTURE_SPECIFIC_DNA_BINDING', 'TOOKER_GEMCITABINE_RESISTANCE_UP', 'WP_DNA_IRDAMAGE_AND_CELLULAR_RESPONSE_VIA_ATR', 'WP_DNA_REPAIR_PATHWAYS_FULL_NETWORK']"
PRKDC,混合(NHEJ+NER),0,5,0,2,0,0,0,0,44,"['ABRAMSON_INTERACT_WITH_AIRE', 'BIOCARTA_G2_PATHWAY', 'BOYAULT_LIVER_CANCER_SUBCLASS_G123_UP', 'CARRILLOREIXACH_HEPATOBLASTOMA_VS_NORMAL_UP', 'CHICAS_RB1_TARGETS_SENESCENT', 'DEURIG_T_CELL_PROLYMPHOCYTIC_LEUKEMIA_UP', 'DING_LUNG_CANCER_BY_MUTATION_RATE', 'DODD_NASOPHARYNGEAL_CARCINOMA_UP', 'ENK_UV_RESPONSE_KERATINOCYTE_DN', 'FERNANDEZ_BOUND_BY_MYC', 'GOBP_APOPTOTIC_PROCESS', 'GOBP_CGAS_STING_SIGNALING_PATHWAY', 'GOBP_CHROMATIN_ORGANIZATION', 'GOBP_CHROMATIN_REMODELING', 'GOBP_CHROMOSOME_ORGANIZATION', 'GOBP_DNA_DAMAGE_RESPONSE', 'GOBP_DNA_INTEGRITY_CHECKPOINT_SIGNALING', 'GOBP_DNA_REPAIR', 'GOBP_DOUBLE_STRAND_BREAK_REPAIR', 'GOBP_DOUBLE_STRAND_BREAK_REPAIR_VIA_ALTERNATIVE_NONHOMOLOGOUS_END_JOINING', 'GOBP_DOUBLE_STRAND_BREAK_REPAIR_VIA_NONHOMOLOGOUS_END_JOINING', 'GOBP_INTRINSIC_APOPTOTIC_SIGNALING_PATHWAY', 'GOBP_INTRINSIC_APOPTOTIC_SIGNALING_PATHWAY_IN_RESPONSE_TO_DNA_DAMAGE', 'GOBP_MITOTIC_DNA_INTEGRITY_CHECKPOINT_SIGNALING', 'GOBP_POSITIVE_REGULATION_OF_DNA_REPAIR', 'GOBP_POSITIVE_REGULATION_OF_DOUBLE_STRAND_BREAK_REPAIR_VIA_NONHOMOLOGOUS_END_JOINING', 'GOBP_REGULATION_OF_DNA_REPAIR', 'GOBP_REGULATION_OF_DOUBLE_STRAND_BREAK_REPAIR_VIA_NONHOMOLOGOUS_END_JOINING', 'GOBP_SIGNAL_TRANSDUCTION_IN_RESPONSE_TO_DNA_DAMAGE', 'GOBP_TELOMERE_CAPPING', 'GOBP_TELOMERE_ORGANIZATION', 'GOCC_CHROMOSOME', 'GOCC_DNA_DEPENDENT_PROTEIN_KINASE_COMPLEX', 'GOCC_DNA_DEPENDENT_PROTEIN_KINASE_DNA_LIGASE_4_COMPLEX', 'GOCC_DNA_REPAIR_COMPLEX', 'GOCC_NONHOMOLOGOUS_END_JOINING_COMPLEX', 'GOCC_NUCLEOLUS', 'GOCC_PROTEIN_DNA_COMPLEX', 'GOCC_TRANSCRIPTION_REGULATOR_COMPLEX', 'GOMF_DNA_BINDING_TRANSCRIPTION_FACTOR_BINDING', 'GOMF_RNA_POLYMERASE_II_SPECIFIC_DNA_BINDING_TRANSCRIPTION_FACTOR_BINDING', 'GSE8835_CD4_VS_CD8_TCELL_UP', 'KAUFFMANN_DNA_REPAIR_GENES', 'KEGG_CELL_CYCLE', 'KEGG_NON_HOMOLOGOUS_END_JOINING', 'MISSIAGLIA_REGULATED_BY_METHYLATION_DN', 'MORF_DDB1', 'MORF_DNMT1', 'MORF_XRCC5', 'OUELLET_OVARIAN_CANCER_INVASIVE_VS_LMP_UP', 'PATIL_LIVER_CANCER', 'PULVER_FOREY_CELLCYCLE_PEAKING_S1', 'REACTOME_CYTOSOLIC_SENSORS_OF_PATHOGEN_ASSOCIATED_DNA', 'REACTOME_DNA_DOUBLE_STRAND_BREAK_REPAIR', 'REACTOME_DNA_REPAIR', 'REACTOME_DOUBLE_STRAND_BREAK_REPAIR', 'REN_BOUND_BY_E2F', 'SU_HO_FOETAL_FEMUR_C3_PROLIFERATING_CHONDROCYTE', 'WAKASUGI_HAVE_ZNF143_BINDING_SITES', 'WP_DNA_DAMAGE_RESPONSE', 'WP_DNA_IRDAMAGE_AND_CELLULAR_RESPONSE_VIA_ATR', 'WP_DNA_IRDOUBLE_STRAND_BREAKS_AND_CELLULAR_RESPONSE_VIA_ATM', 'WP_DNA_REPAIR_PATHWAYS_FULL_NETWORK', 'WP_MIRNA_REGULATION_OF_DNA_DAMAGE_RESPONSE', 'ZHAN_MULTIPLE_MYELOMA_SUBGROUPS']"
BCLAF1,混合(BER+NER),0,0,1,1,0,0,0,0,9,"['FLECHNER_PBL_KIDNEY_TRANSPLANT_OK_VS_DONOR_DN', 'GCM_APEX1', 'GOBP_APOPTOTIC_PROCESS', 'GOBP_DNA_DAMAGE_RESPONSE', 'GOBP_INTRINSIC_APOPTOTIC_SIGNALING_PATHWAY', 'HADDAD_T_LYMPHOCYTE_AND_NK_PROGENITOR_UP', 'LAU_APOPTOSIS_CDKN2A_UP', 'PULVER_FOREY_CELLCYCLE_ENRICHED_TFS_G2', 'PULVER_FOREY_CELLCYCLE_ENRICHED_TFS_G2_M', 'PULVER_FOREY_CELLCYCLE_ENRICHED_TFS_S2', 'PULVER_FOREY_CELLCYCLE_PEAKING_S1', 'SCHLOSSER_SERUM_RESPONSE_DN', 'TIEN_INTESTINE_PROBIOTICS_24HR_UP', 'WHITFIELD_CELL_CYCLE_G2']"
ATAD3A,混合(HR+NER),1,0,0,1,0,0,0,0,4,"['GINESTIER_BREAST_CANCER_ZNF217_AMPLIFIED_DN', 'GOBP_APOPTOTIC_PROCESS', 'GOBP_DNA_DAMAGE_RESPONSE', 'PULVER_FOREY_PERTURB_ATTRITION_LG1', 'PULVER_FOREY_PERTURB_ATTRITION_M_EG1', 'VANTVEER_BREAST_CANCER_BRCA1_UP', 'VANTVEER_BREAST_CANCER_ESR1_DN', 'WANG_CISPLATIN_RESPONSE_AND_XPC_UP']"
ERCC6L2,混合(NHEJ+HR),1,2,0,0,0,0,0,0,2,"['GOBP_DNA_DAMAGE_RESPONSE', 'GOBP_DNA_REPAIR', 'GOBP_DOUBLE_STRAND_BREAK_REPAIR', 'GOBP_DOUBLE_STRAND_BREAK_REPAIR_VIA_CLASSICAL_NONHOMOLOGOUS_END_JOINING', 'GOBP_DOUBLE_STRAND_BREAK_REPAIR_VIA_NONHOMOLOGOUS_END_JOINING', 'GOBP_INTERSTRAND_CROSS_LINK_REPAIR', 'GOCC_CHROMOSOME_CENTROMERIC_REGION', 'NAKAMURA_TUMOR_ZONE_PERIPHERAL_VS_CENTRAL_DN']"
LMNA,损伤应答检查点（CP）,0,0,0,0,0,0,0,3,22,"['ACEVEDO_LIVER_TUMOR_VS_NORMAL_ADJACENT_TISSUE_UP', 'BOYAULT_LIVER_CANCER_SUBCLASS_G1_UP', 'CASORELLI_ACUTE_PROMYELOCYTIC_LEUKEMIA_DN', 'CHICAS_RB1_TARGETS_CONFLUENT', 'CHICAS_RB1_TARGETS_GROWING', 'FERNANDEZ_BOUND_BY_MYC', 'GINESTIER_BREAST_CANCER_ZNF217_AMPLIFIED_DN', 'GOBP_APOPTOTIC_PROCESS', 'GOBP_CHROMATIN_ORGANIZATION', 'GOBP_CHROMATIN_REMODELING', 'GOBP_CHROMOSOME_ORGANIZATION', 'GOBP_NEGATIVE_REGULATION_OF_GENE_EXPRESSION_EPIGENETIC', 'GOBP_TELOMERE_ORGANIZATION', 'GOCC_CHROMOSOME', 'GOCC_SITE_OF_DNA_DAMAGE', 'GOCC_SITE_OF_DOUBLE_STRAND_BREAK', 'KEGG_ARRHYTHMOGENIC_RIGHT_VENTRICULAR_CARDIOMYOPATHY_ARVC', 'MAHAJAN_RESPONSE_TO_IL1A_DN', 'PULVER_FOREY_CELLCYCLE_PEAKING_M', 'PULVER_FOREY_PERTURB_ACCUMULATION_G1_S', 'PULVER_FOREY_PERTURB_ATTRITION_G2_M', 'SMIRNOV_RESPONSE_TO_IR_6HR_UP', 'WHITFIELD_CELL_CYCLE_G2_M', 'ZHU_CMV_8_HR_DN', 'ZHU_CMV_ALL_DN']"
MACROD1,损伤应答检查点（CP）,0,0,0,0,0,0,0,2,6,"['ACEVEDO_LIVER_CANCER_DN', 'ACEVEDO_LIVER_TUMOR_VS_NORMAL_ADJACENT_TISSUE_DN', 'ACEVEDO_NORMAL_TISSUE_ADJACENT_TO_LIVER_TUMOR_DN', 'CARRILLOREIXACH_HEPATOBLASTOMA_VS_NORMAL_DN', 'CASORELLI_ACUTE_PROMYELOCYTIC_LEUKEMIA_DN', 'GOBP_DNA_DAMAGE_RESPONSE', 'PEREZ_TP53_TARGETS', 'ZHONG_RESPONSE_TO_AZACITIDINE_AND_TSA_DN']"
MAPT,核苷酸切除修复（NER）,0,0,0,1,0,0,0,0,13,"['CHARAFE_BREAST_CANCER_LUMINAL_VS_BASAL_UP', 'GINESTIER_BREAST_CANCER_20Q13_AMPLIFICATION_UP', 'GOBP_CHROMOSOME_ORGANIZATION', 'GOBP_DNA_DAMAGE_RESPONSE', 'GOMF_DNA_SECONDARY_STRUCTURE_BINDING', 'GOMF_MINOR_GROOVE_OF_ADENINE_THYMINE_RICH_DNA_BINDING', 'GOMF_SEQUENCE_SPECIFIC_DNA_BINDING', 'HELLER_HDAC_TARGETS_SILENCED_BY_METHYLATION_UP', 'KONDO_PROSTATE_CANCER_HCP_WITH_H3K27ME3', 'LU_AGING_BRAIN_DN', 'MORF_ERCC4', 'OUILLETTE_CLL_13Q14_DELETION_DN', 'SCHLOSSER_SERUM_RESPONSE_UP', 'TOYOTA_TARGETS_OF_MIR34B_AND_MIR34C', 'VERHAAK_GLIOBLASTOMA_PRONEURAL']"
MTA1,核苷酸切除修复（NER）,0,0,0,1,0,0,0,0,24,"['GOBP_CHROMATIN_ORGANIZATION', 'GOBP_CHROMATIN_REMODELING', 'GOBP_DNA_DAMAGE_RESPONSE', 'GOBP_DNA_REPAIR', 'GOBP_DOUBLE_STRAND_BREAK_REPAIR', 'GOBP_NEGATIVE_REGULATION_OF_GENE_EXPRESSION_EPIGENETIC', 'GOCC_CHROMOSOME', 'GOCC_TRANSCRIPTION_REGULATOR_COMPLEX', 'GOMF_CIS_REGULATORY_REGION_SEQUENCE_SPECIFIC_DNA_BINDING', 'GOMF_DNA_BINDING_TRANSCRIPTION_FACTOR_BINDING', 'GOMF_RNA_POLYMERASE_II_SPECIFIC_DNA_BINDING_TRANSCRIPTION_FACTOR_BINDING', 'GOMF_RNA_POLYMERASE_II_TRANSCRIPTION_REGULATORY_REGION_SEQUENCE_SPECIFIC_DNA_BINDING', 'GOMF_SEQUENCE_SPECIFIC_DNA_BINDING', 'GOMF_TRANSCRIPTION_COACTIVATOR_ACTIVITY', 'GSE8835_HEALTHY_VS_CLL_CD8_TCELL_UP', 'KYNG_DNA_DAMAGE_BY_4NQO_OR_UV', 'KYNG_DNA_DAMAGE_UP', 'PULVER_FOREY_CELLCYCLE_ENRICHED_TFS_G2', 'PULVER_FOREY_CELLCYCLE_ENRICHED_TFS_G2_M', 'PULVER_FOREY_CELLCYCLE_ENRICHED_TFS_S2', 'PULVER_FOREY_CELLCYCLE_PEAKING_G2_M', 'PULVER_FOREY_PERTURB_ACCUMULATION_S', 'PULVER_FOREY_PERTURB_ATTRITION_G1_S', 'SCHLOSSER_MYC_AND_SERUM_RESPONSE_SYNERGY', 'SPIELMAN_LYMPHOBLAST_EUROPEAN_VS_ASIAN_UP', 'TIEN_INTESTINE_PROBIOTICS_24HR_DN', 'WANG_LMO4_TARGETS_UP', 'ZHAN_MULTIPLE_MYELOMA_UP']"
NPM1,混合(HR+BER),1,0,1,0,0,0,0,0,25,"['BAE_BRCA1_TARGETS_DN', 'BILD_MYC_ONCOGENIC_SIGNATURE', 'CARRILLOREIXACH_HEPATOBLASTOMA_VS_NORMAL_UP', 'CASORELLI_ACUTE_PROMYELOCYTIC_LEUKEMIA_DN', 'DODD_NASOPHARYNGEAL_CARCINOMA_UP', 'GCM_APEX1', 'GOBP_APOPTOTIC_PROCESS', 'GOBP_CHROMATIN_ORGANIZATION', 'GOBP_CHROMATIN_REMODELING', 'GOBP_DNA_DAMAGE_RESPONSE', 'GOBP_DNA_DAMAGE_RESPONSE_SIGNAL_TRANSDUCTION_BY_P53_CLASS_MEDIATOR', 'GOBP_DNA_REPAIR', 'GOBP_NUCLEIC_ACID_CATABOLIC_PROCESS', 'GOBP_REGULATION_OF_DNA_DAMAGE_RESPONSE_SIGNAL_TRANSDUCTION_BY_P53_CLASS_MEDIATOR', 'GOBP_SIGNAL_TRANSDUCTION_IN_RESPONSE_TO_DNA_DAMAGE', 'GOCC_NUCLEOLUS', 'GOCC_PROTEIN_DNA_COMPLEX', 'GOMF_CORE_PROMOTER_SEQUENCE_SPECIFIC_DNA_BINDING', 'GOMF_DNA_BINDING_TRANSCRIPTION_FACTOR_BINDING', 'GOMF_HISTONE_BINDING', 'GOMF_RNA_POLYMERASE_II_SPECIFIC_DNA_BINDING_TRANSCRIPTION_FACTOR_BINDING', 'GOMF_SEQUENCE_SPECIFIC_DNA_BINDING', 'GOMF_TRANSCRIPTION_COACTIVATOR_ACTIVITY', 'HP_TYPIFIED_BY_SOMATIC_MOSAICISM', 'MODULE_392', 'MYLLYKANGAS_AMPLIFICATION_HOT_SPOT_27', 'PATIL_LIVER_CANCER', 'PULVER_FOREY_PERTURB_ATTRITION_LG1', 'SPIELMAN_LYMPHOBLAST_EUROPEAN_VS_ASIAN_UP', 'SU_HO_CONV_CENT_CHONDROSARCOMA_LEUKOCYTE_C4_OSTEOCLAST', 'SU_HO_FOETAL_FEMUR_C0_TRANSITIONING_CELL', 'ZHU_CMV_24_HR_UP', 'ZHU_CMV_ALL_UP']"
NUCKS1,同源重组（HR）,3,0,0,0,0,0,0,0,26,"['ACEVEDO_LIVER_TUMOR_VS_NORMAL_ADJACENT_TISSUE_DN', 'ACEVEDO_NORMAL_TISSUE_ADJACENT_TO_LIVER_TUMOR_UP', 'CHICAS_RB1_TARGETS_SENESCENT', 'DODD_NASOPHARYNGEAL_CARCINOMA_UP', 'GEORGES_TARGETS_OF_MIR192_AND_MIR215', 'GOBP_CHROMATIN_ORGANIZATION', 'GOBP_DNA_DAMAGE_RESPONSE', 'GOBP_DNA_REPAIR', 'GOBP_DNA_REPLICATION', 'GOBP_DNA_STRAND_ELONGATION', 'GOBP_DNA_TEMPLATED_DNA_REPLICATION', 'GOBP_DNA_TEMPLATED_DNA_REPLICATION_MAINTENANCE_OF_FIDELITY', 'GOBP_DOUBLE_STRAND_BREAK_REPAIR', 'GOBP_HOMOLOGOUS_RECOMBINATION', 'GOBP_INTERSTRAND_CROSS_LINK_REPAIR', 'GOBP_POSITIVE_REGULATION_BY_HOST_OF_VIRAL_TRANSCRIPTION', 'GOBP_RECOMBINATIONAL_REPAIR', 'GOBP_REGULATION_OF_DNA_REPLICATION', 'GOBP_REGULATION_OF_DNA_STRAND_ELONGATION', 'GOCC_CHROMOSOME', 'GOCC_NUCLEOLUS', 'GOMF_DNA_BINDING_TRANSCRIPTION_FACTOR_BINDING', 'GOMF_TRANSCRIPTION_COACTIVATOR_ACTIVITY', 'GSE8835_CD4_VS_CD8_TCELL_UP', 'HORIUCHI_WTAP_TARGETS_DN', 'PATIL_LIVER_CANCER', 'PULVER_FOREY_PERTURB_ACCUMULATION_M_EG1', 'SU_HO_FOETAL_FEMUR_C3_PROLIFERATING_CHONDROCYTE', 'WANG_LMO4_TARGETS_UP', 'WHITFIELD_CELL_CYCLE_G2', 'WHITFIELD_CELL_CYCLE_M_G1', 'ZHONG_RESPONSE_TO_AZACITIDINE_AND_TSA_DN']"
OTUB1,核苷酸切除修复（NER）,0,0,0,1,0,0,0,0,4,"['GOBP_DNA_DAMAGE_RESPONSE', 'GOBP_DNA_REPAIR', 'GOBP_DOUBLE_STRAND_BREAK_REPAIR', 'GOBP_NEGATIVE_REGULATION_OF_DNA_REPAIR', 'GOBP_REGULATION_OF_DNA_REPAIR', 'LOPEZ_MBD_TARGETS', 'MORF_DDB1', 'PULVER_FOREY_CELLCYCLE_PEAKING_G2_M', 'SCHLOSSER_SERUM_RESPONSE_AUGMENTED_BY_MYC']"
PARK7,混合(NER+NHEJ+BER),0,1,1,2,0,0,0,0,11,"['FLECHNER_BIOPSY_KIDNEY_TRANSPLANT_OK_VS_DONOR_UP', 'GOBP_APOPTOTIC_PROCESS', 'GOBP_DNA_DAMAGE_RESPONSE', 'GOBP_DNA_REPAIR', 'GOBP_INTRINSIC_APOPTOTIC_SIGNALING_PATHWAY', 'GOCC_CHROMOSOME', 'GOMF_CORE_PROMOTER_SEQUENCE_SPECIFIC_DNA_BINDING', 'GOMF_DNA_BINDING_TRANSCRIPTION_FACTOR_BINDING', 'GOMF_MRNA_BINDING', 'GOMF_RNA_POLYMERASE_II_SPECIFIC_DNA_BINDING_TRANSCRIPTION_FACTOR_BINDING', 'GOMF_SEQUENCE_SPECIFIC_DNA_BINDING', 'GOMF_TRANSCRIPTION_COACTIVATOR_ACTIVITY', 'KIM_MYC_AMPLIFICATION_TARGETS_UP', 'LASTOWSKA_NEUROBLASTOMA_COPY_NUMBER_DN', 'MORF_XRCC5', 'SPIELMAN_LYMPHOBLAST_EUROPEAN_VS_ASIAN_UP', 'SU_HO_CONV_CENT_CHONDROSARCOMA_LEUKOCYTE_C4_OSTEOCLAST', 'SU_HO_CONV_CENT_CHONDROSARCOMA_STROMAL_C0_MINERALISATION_STROMAL_CELL', 'SU_HO_FOETAL_FEMUR_C0_TRANSITIONING_CELL']"
PPP1CA,混合(BER+NER),0,0,1,1,0,0,0,0,17,"['ACEVEDO_LIVER_TUMOR_VS_NORMAL_ADJACENT_TISSUE_UP', 'DACOSTA_UV_RESPONSE_VIA_ERCC3_UP', 'ENK_UV_RESPONSE_KERATINOCYTE_UP', 'GEORGES_CELL_CYCLE_MIR192_TARGETS', 'GEORGES_TARGETS_OF_MIR192_AND_MIR215', 'GOBP_APOPTOTIC_PROCESS', 'GOBP_CHROMOSOME_ORGANIZATION', 'GOBP_DNA_DAMAGE_RESPONSE', 'GOBP_DNA_TEMPLATED_TRANSCRIPTION_TERMINATION', 'GOBP_TELOMERE_ORGANIZATION', 'GOCC_CHROMOSOME', 'GOCC_NUCLEOLUS', 'KEGG_OOCYTE_MEIOSIS', 'KYNG_RESPONSE_TO_H2O2', 'LASTOWSKA_NEUROBLASTOMA_COPY_NUMBER_DN', 'LOCKWOOD_AMPLIFIED_IN_LUNG_CANCER', 'LOPEZ_MBD_TARGETS', 'MAGRANGEAS_MULTIPLE_MYELOMA_IGG_VS_IGA_UP', 'MOOTHA_GLYCOGEN_METABOLISM', 'PULVER_FOREY_CELLCYCLE_PEAKING_G2', 'PULVER_FOREY_PERTURB_ACCUMULATION_LG1']"
RAD52,混合(HR+NER),3,0,0,1,0,0,0,0,17,"['GOBP_DNA_DAMAGE_RESPONSE', 'GOBP_DNA_DOUBLE_STRAND_BREAK_PROCESSING', 'GOBP_DNA_REPAIR', 'GOBP_DNA_REPAIR_COMPLEX_ASSEMBLY', 'GOBP_DOUBLE_STRAND_BREAK_REPAIR', 'GOBP_DOUBLE_STRAND_BREAK_REPAIR_VIA_SINGLE_STRAND_ANNEALING', 'GOBP_DOUBLE_STRAND_BREAK_REPAIR_VIA_SYNTHESIS_DEPENDENT_STRAND_ANNEALING', 'GOBP_MITOTIC_RECOMBINATION', 'GOBP_NUCLEOTIDE_EXCISION_REPAIR', 'GOBP_RECOMBINATIONAL_REPAIR', 'GOBP_REGULATION_OF_DNA_REPAIR', 'GOCC_PROTEIN_DNA_COMPLEX', 'HADDAD_B_LYMPHOCYTE_PROGENITOR', 'HALLMARK_DNA_REPAIR', 'KAUFFMANN_DNA_REPAIR_GENES', 'KEGG_HOMOLOGOUS_RECOMBINATION', 'REACTOME_DNA_DOUBLE_STRAND_BREAK_REPAIR', 'REACTOME_DNA_REPAIR', 'REACTOME_DOUBLE_STRAND_BREAK_REPAIR', 'REACTOME_HOMOLOGOUS_RECOMBINATION_REPAIR_OF_REPLICATION_INDEPENDENT_DOUBLE_STRAND_BREAKS', 'REACTOME_HOMOLOGY_DIRECTED_REPAIR', 'REACTOME_SUMOYLATION_OF_DNA_DAMAGE_RESPONSE_AND_REPAIR_PROTEINS', 'SCHLOSSER_SERUM_RESPONSE_DN', 'STANELLE_E2F1_TARGETS', 'WP_DNA_DAMAGE_RESPONSE', 'WP_DNA_IRDAMAGE_AND_CELLULAR_RESPONSE_VIA_ATR', 'WP_DNA_IRDOUBLE_STRAND_BREAKS_AND_CELLULAR_RESPONSE_VIA_ATM', 'WP_DNA_REPAIR_PATHWAYS_FULL_NETWORK', 'WP_MIRNAS_INVOLVED_IN_DNA_DAMAGE_RESPONSE', 'WP_MIRNA_REGULATION_OF_DNA_DAMAGE_RESPONSE']"
RPA1,混合(NER+HR+MMR+BER+TLS+NHEJ),4,1,2,8,4,2,0,0,53,"['ACEVEDO_LIVER_TUMOR_VS_NORMAL_ADJACENT_TISSUE_UP', 'BILD_E2F3_ONCOGENIC_SIGNATURE', 'BIOCARTA_P53HYPOXIA_PATHWAY', 'BOYAULT_LIVER_CANCER_SUBCLASS_G1_UP', 'CARRILLOREIXACH_HEPATOBLASTOMA_VS_NORMAL_UP', 'CASORELLI_ACUTE_PROMYELOCYTIC_LEUKEMIA_DN', 'CHICAS_RB1_TARGETS_SENESCENT', 'CHROMOSOMAL_PART', 'COLLIS_PRKDC_SUBSTRATES', 'GNF2_XRCC5', 'GOBP_BASE_EXCISION_REPAIR', 'GOBP_CHROMATIN_ORGANIZATION', 'GOBP_CHROMOSOME_ORGANIZATION', 'GOBP_DNA_DAMAGE_RESPONSE', 'GOBP_DNA_REPAIR', 'GOBP_DNA_REPLICATION', 'GOBP_DNA_TEMPLATED_DNA_REPLICATION', 'GOBP_DOUBLE_STRAND_BREAK_REPAIR', 'GOBP_MISMATCH_REPAIR', 'GOBP_NUCLEOTIDE_EXCISION_REPAIR', 'GOBP_PROTEIN_LOCALIZATION_TO_SITE_OF_DOUBLE_STRAND_BREAK', 'GOBP_RECOMBINATIONAL_REPAIR', 'GOBP_RNA_TEMPLATED_DNA_BIOSYNTHETIC_PROCESS', 'GOBP_TELOMERE_ORGANIZATION', 'GOCC_CHROMOSOME', 'GOCC_CONDENSED_CHROMOSOME', 'GOCC_CONDENSED_NUCLEAR_CHROMOSOME', 'GOCC_DNA_REPLICATION_FACTOR_A_COMPLEX', 'GOCC_NUCLEAR_REPLICATION_FORK', 'GOCC_PROTEIN_DNA_COMPLEX', 'GOCC_REPLICATION_FORK', 'GOCC_REPLISOME', 'GOCC_SITE_OF_DNA_DAMAGE', 'GOCC_SITE_OF_DOUBLE_STRAND_BREAK', 'GOMF_SEQUENCE_SPECIFIC_DNA_BINDING', 'GOMF_SEQUENCE_SPECIFIC_SINGLE_STRANDED_DNA_BINDING', 'HEIDENBLAD_AMPLICON_12P11_12_UP', 'HP_ABNORMALLY_LOW_T_CELL_RECEPTOR_EXCISION_CIRCLE_LEVEL', 'HP_ABNORMAL_CHROMOSOME_MORPHOLOGY', 'KAUFFMANN_DNA_REPAIR_GENES', 'KAUFFMANN_DNA_REPLICATION_GENES', 'KEGG_DNA_REPLICATION', 'KEGG_HOMOLOGOUS_RECOMBINATION', 'KEGG_MEDICUS_REFERENCE_DNA_END_RESECTION_AND_RPA_LOADING', 'KEGG_MEDICUS_REFERENCE_ORIGIN_UNWINDING_AND_ELONGATION', 'KEGG_MISMATCH_REPAIR', 'KEGG_NUCLEOTIDE_EXCISION_REPAIR', 'MODULE_158', 'MODULE_403', 'PULVER_FOREY_CELLCYCLE_PEAKING_S1', 'REACTOME_BASE_EXCISION_REPAIR', 'REACTOME_DISEASES_OF_DNA_REPAIR', 'REACTOME_DNA_DAMAGE_BYPASS', 'REACTOME_DNA_DOUBLE_STRAND_BREAK_REPAIR', 'REACTOME_DNA_REPAIR', 'REACTOME_DNA_REPLICATION', 'REACTOME_DNA_REPLICATION_PRE_INITIATION', 'REACTOME_DNA_STRAND_ELONGATION', 'REACTOME_DOUBLE_STRAND_BREAK_REPAIR', 'REACTOME_G2_M_DNA_DAMAGE_CHECKPOINT', 'REACTOME_GAP_FILLING_DNA_REPAIR_SYNTHESIS_AND_LIGATION_IN_GG_NER', 'REACTOME_GLOBAL_GENOME_NUCLEOTIDE_EXCISION_REPAIR_GG_NER', 'REACTOME_HOMOLOGOUS_DNA_PAIRING_AND_STRAND_EXCHANGE', 'REACTOME_HOMOLOGOUS_RECOMBINATION_REPAIR_OF_REPLICATION_INDEPENDENT_DOUBLE_STRAND_BREAKS', 'REACTOME_HOMOLOGY_DIRECTED_REPAIR', 'REACTOME_MISMATCH_REPAIR', 'REACTOME_NUCLEOTIDE_EXCISION_REPAIR', 'REACTOME_PCNA_DEPENDENT_LONG_PATCH_BASE_EXCISION_REPAIR', 'REACTOME_PROCESSING_OF_DNA_DOUBLE_STRAND_BREAK_ENDS', 'REACTOME_RECOGNITION_OF_DNA_DAMAGE_BY_PCNA_CONTAINING_REPLICATION_COMPLEX', 'REACTOME_REPAIR_SYNTHESIS_FOR_GAP_FILLING_BY_DNA_POL_IN_TC_NER', 'REACTOME_SUMOYLATION_OF_DNA_DAMAGE_RESPONSE_AND_REPAIR_PROTEINS', 'REACTOME_SYNTHESIS_OF_DNA', 'REACTOME_TERMINATION_OF_TRANSLESION_DNA_SYNTHESIS', 'REACTOME_TRANSCRIPTION_COUPLED_NUCLEOTIDE_EXCISION_REPAIR_TC_NER', 'REACTOME_TRANSLESION_SYNTHESIS_BY_Y_FAMILY_DNA_POLYMERASES_BYPASSES_LESIONS_ON_DNA_TEMPLATE', 'SONG_TARGETS_OF_IE86_CMV_PROTEIN', 'STRUCTURE_SPECIFIC_DNA_BINDING', 'TIEN_INTESTINE_PROBIOTICS_24HR_UP', 'WP_DNA_IRDAMAGE_AND_CELLULAR_RESPONSE_VIA_ATR', 'WP_DNA_MISMATCH_REPAIR', 'WP_DNA_REPAIR_PATHWAYS_FULL_NETWORK', 'WP_DNA_REPLICATION', 'WP_NUCLEOTIDE_EXCISION_REPAIR', 'WP_NUCLEOTIDE_EXCISION_REPAIR_IN_XERODERMA_PIGMENTOSUM']"
SFN,核苷酸切除修复（NER）,0,0,0,1,0,0,0,0,16,"['BILD_HRAS_ONCOGENIC_SIGNATURE', 'BOYAULT_LIVER_CANCER_SUBCLASS_G23_UP', 'CHARAFE_BREAST_CANCER_LUMINAL_VS_BASAL_DN', 'DEURIG_T_CELL_PROLYMPHOCYTIC_LEUKEMIA_UP', 'FLECHNER_BIOPSY_KIDNEY_TRANSPLANT_REJECTED_VS_OK_UP', 'GOBP_APOPTOTIC_PROCESS', 'GOBP_DNA_DAMAGE_RESPONSE', 'GOBP_INTRINSIC_APOPTOTIC_SIGNALING_PATHWAY', 'GOBP_INTRINSIC_APOPTOTIC_SIGNALING_PATHWAY_IN_RESPONSE_TO_DNA_DAMAGE', 'GSE12963_UNINF_VS_ENV_AND_NEF_DEFICIENT_HIV1_INF_CD4_TCELL_UP', 'HOQUE_METHYLATED_IN_CANCER', 'HUPER_BREAST_BASAL_VS_LUMINAL_UP', 'INGA_TP53_TARGETS', 'KEGG_CELL_CYCLE', 'KEGG_P53_SIGNALING_PATHWAY', 'KIM_RESPONSE_TO_TSA_AND_DECITABINE_UP', 'LI_AMPLIFIED_IN_LUNG_CANCER', 'LOPEZ_MBD_TARGETS', 'PULVER_FOREY_CELLCYCLE_PEAKING_LG1', 'REACTOME_G2_M_DNA_DAMAGE_CHECKPOINT', 'SCHAVOLT_TARGETS_OF_TP53_AND_TP63', 'SCIAN_CELL_CYCLE_TARGETS_OF_TP53_AND_TP73_UP', 'SPIELMAN_LYMPHOBLAST_EUROPEAN_VS_ASIAN_UP', 'WP_DNA_DAMAGE_RESPONSE', 'WP_MIRNA_REGULATION_OF_DNA_DAMAGE_RESPONSE']"
UBA1,核苷酸切除修复（NER）,0,0,0,3,0,0,0,0,8,"['DACOSTA_UV_RESPONSE_VIA_ERCC3_TTD_UP', 'DACOSTA_UV_RESPONSE_VIA_ERCC3_UP', 'ENK_UV_RESPONSE_KERATINOCYTE_UP', 'FLECHNER_BIOPSY_KIDNEY_TRANSPLANT_REJECTED_VS_OK_DN', 'GOBP_DNA_DAMAGE_RESPONSE', 'HP_TYPIFIED_BY_SOMATIC_MOSAICISM', 'KAUFFMANN_DNA_REPAIR_GENES', 'KAUFFMANN_DNA_REPLICATION_GENES', 'LOPEZ_MBD_TARGETS', 'LOPEZ_MBD_TARGETS_IMPRINTED_AND_X_LINKED', 'MATTIOLI_MGUS_VS_PCL', 'OUELLET_OVARIAN_CANCER_INVASIVE_VS_LMP_UP', 'SCHLOSSER_SERUM_RESPONSE_UP']"
UBE2N,混合(NER+HR),3,0,0,5,0,0,0,0,22,"['ACEVEDO_LIVER_CANCER_UP', 'ACEVEDO_LIVER_TUMOR_VS_NORMAL_ADJACENT_TISSUE_UP', 'BAE_BRCA1_TARGETS_UP', 'ENK_UV_RESPONSE_KERATINOCYTE_DN', 'FLECHNER_BIOPSY_KIDNEY_TRANSPLANT_OK_VS_DONOR_UP', 'GENTILE_UV_HIGH_DOSE_DN', 'GENTILE_UV_RESPONSE_CLUSTER_D5', 'GOBP_CANONICAL_NF_KAPPAB_SIGNAL_TRANSDUCTION', 'GOBP_DNA_DAMAGE_RESPONSE', 'GOBP_DNA_DOUBLE_STRAND_BREAK_PROCESSING', 'GOBP_DNA_REPAIR', 'GOBP_DOUBLE_STRAND_BREAK_REPAIR', 'GOBP_POSITIVE_REGULATION_OF_DNA_REPAIR', 'GOBP_POSTREPLICATION_REPAIR', 'GOBP_PROTEIN_K63_LINKED_UBIQUITINATION', 'GOBP_RECOMBINATIONAL_REPAIR', 'GOBP_REGULATION_OF_DNA_REPAIR', 'KAUFFMANN_DNA_REPAIR_GENES', 'KYNG_DNA_DAMAGE_BY_4NQO_OR_GAMMA_RADIATION', 'KYNG_DNA_DAMAGE_UP', 'KYNG_WERNER_SYNDROM_AND_NORMAL_AGING_DN', 'MAHAJAN_RESPONSE_TO_IL1A_DN', 'NAKAMURA_TUMOR_ZONE_PERIPHERAL_VS_CENTRAL_UP', 'PULVER_FOREY_PERTURB_ATTRITION_LG1', 'REACTOME_DNA_DOUBLE_STRAND_BREAK_REPAIR', 'REACTOME_DNA_DOUBLE_STRAND_BREAK_RESPONSE', 'REACTOME_DNA_REPAIR', 'REACTOME_G2_M_DNA_DAMAGE_CHECKPOINT', 'REACTOME_GLOBAL_GENOME_NUCLEOTIDE_EXCISION_REPAIR_GG_NER', 'REACTOME_HOMOLOGY_DIRECTED_REPAIR', 'REACTOME_NUCLEOTIDE_EXCISION_REPAIR', 'REACTOME_PROCESSING_OF_DNA_DOUBLE_STRAND_BREAK_ENDS', 'SCHLOSSER_MYC_TARGETS_REPRESSED_BY_SERUM', 'SPIELMAN_LYMPHOBLAST_EUROPEAN_VS_ASIAN_DN', 'SU_HO_CONV_CENT_CHONDROSARCOMA_C3_CHONDROBLASTIC_OSTEOSARCOMA', 'TIEN_INTESTINE_PROBIOTICS_24HR_UP', 'WAKASUGI_HAVE_ZNF143_BINDING_SITES', 'WEI_MYCN_TARGETS_WITH_E_BOX']"
UBE2V2,混合(NER+HR),1,0,0,2,0,0,0,0,15,"['ACEVEDO_LIVER_CANCER_UP', 'ACEVEDO_NORMAL_TISSUE_ADJACENT_TO_LIVER_TUMOR_UP', 'BOYAULT_LIVER_CANCER_SUBCLASS_G3_UP', 'DEBIASI_APOPTOSIS_BY_REOVIRUS_INFECTION_UP', 'GEORGES_TARGETS_OF_MIR192_AND_MIR215', 'GOBP_DNA_DAMAGE_RESPONSE', 'GOBP_DNA_DOUBLE_STRAND_BREAK_PROCESSING', 'GOBP_DNA_REPAIR', 'GOBP_DOUBLE_STRAND_BREAK_REPAIR', 'GOBP_POSITIVE_REGULATION_OF_DNA_REPAIR', 'GOBP_POSTREPLICATION_REPAIR', 'GOBP_PROTEIN_K63_LINKED_UBIQUITINATION', 'GOBP_REGULATION_OF_DNA_REPAIR', 'KAUFFMANN_DNA_REPAIR_GENES', 'MODULE_403', 'OUELLET_OVARIAN_CANCER_INVASIVE_VS_LMP_UP', 'REACTOME_DNA_DOUBLE_STRAND_BREAK_REPAIR', 'REACTOME_DNA_DOUBLE_STRAND_BREAK_RESPONSE', 'REACTOME_DNA_REPAIR', 'REACTOME_G2_M_DNA_DAMAGE_CHECKPOINT', 'REACTOME_GLOBAL_GENOME_NUCLEOTIDE_EXCISION_REPAIR_GG_NER', 'REACTOME_HOMOLOGY_DIRECTED_REPAIR', 'REACTOME_NUCLEOTIDE_EXCISION_REPAIR', 'REACTOME_PROCESSING_OF_DNA_DOUBLE_STRAND_BREAK_ENDS', 'SU_HO_CONV_CENT_CHONDROSARCOMA_C5_CHON2', 'ZHAN_MULTIPLE_MYELOMA_SUBGROUPS']"
USP7,混合(NER+BER),0,0,1,8,0,0,0,0,11,"['CHARAFE_BREAST_CANCER_LUMINAL_VS_BASAL_UP', 'DACOSTA_UV_RESPONSE_VIA_ERCC3_DN', 'ENK_UV_RESPONSE_KERATINOCYTE_DN', 'FLECHNER_PBL_KIDNEY_TRANSPLANT_OK_VS_DONOR_DN', 'GOBP_CHROMATIN_ORGANIZATION', 'GOBP_CHROMATIN_REMODELING', 'GOBP_CHROMOSOME_ORGANIZATION', 'GOBP_DNA_ALKYLATION_REPAIR', 'GOBP_DNA_DAMAGE_RESPONSE', 'GOBP_DNA_REPAIR', 'GOBP_NEGATIVE_REGULATION_OF_GENE_EXPRESSION_EPIGENETIC', 'GOBP_NUCLEOTIDE_EXCISION_REPAIR', 'GOBP_TELOMERE_CAPPING', 'GOBP_TELOMERE_ORGANIZATION', 'GOBP_TRANSCRIPTION_COUPLED_NUCLEOTIDE_EXCISION_REPAIR', 'GOCC_CHROMOSOME', 'PULVER_FOREY_PERTURB_ACCUMULATION_LG1', 'PULVER_FOREY_PERTURB_ATTRITION_M_EG1', 'REACTOME_DNA_REPAIR', 'REACTOME_NUCLEOTIDE_EXCISION_REPAIR', 'REACTOME_TRANSCRIPTION_COUPLED_NUCLEOTIDE_EXCISION_REPAIR_TC_NER', 'TIEN_INTESTINE_PROBIOTICS_24HR_UP', 'WP_NUCLEOTIDE_EXCISION_REPAIR_IN_XERODERMA_PIGMENTOSUM']"
VCP,混合(TLS+HR),1,0,0,0,0,2,0,0,13,"['CASORELLI_ACUTE_PROMYELOCYTIC_LEUKEMIA_DN', 'ENK_UV_RESPONSE_KERATINOCYTE_UP', 'FAELT_B_CLL_WITH_VH3_21_UP', 'GOBP_APOPTOTIC_PROCESS', 'GOBP_DNA_DAMAGE_RESPONSE', 'GOBP_DNA_REPAIR', 'GOBP_DNA_SYNTHESIS_INVOLVED_IN_DNA_REPAIR', 'GOBP_DOUBLE_STRAND_BREAK_REPAIR', 'GOBP_INTERSTRAND_CROSS_LINK_REPAIR', 'GOBP_POSTREPLICATION_REPAIR', 'GOBP_PROTEIN_DNA_COVALENT_CROSS_LINKING_REPAIR', 'GOBP_SPINDLE_ORGANIZATION', 'GOBP_TRANSLESION_SYNTHESIS', 'GOCC_CHROMOSOME', 'GOCC_SITE_OF_DNA_DAMAGE', 'GOCC_SITE_OF_DOUBLE_STRAND_BREAK', 'KEGG_MEDICUS_REFERENCE_DNA_REPLICATION_TERMINATION', 'KEGG_MEDICUS_REFERENCE_TRAIP_DEPENDENT_REPLISOME_DISASSEMBLY', 'PULVER_FOREY_CELLCYCLE_PEAKING_G2', 'REACTOME_DNA_DAMAGE_BYPASS', 'REACTOME_DNA_REPAIR', 'REACTOME_TRANSLESION_SYNTHESIS_BY_Y_FAMILY_DNA_POLYMERASES_BYPASSES_LESIONS_ON_DNA_TEMPLATE', 'WEI_MYCN_TARGETS_WITH_E_BOX']"
XRCC6,混合(NHEJ+HR),1,6,0,0,0,0,0,0,27,"['ACEVEDO_LIVER_CANCER_UP', 'ACEVEDO_LIVER_TUMOR_VS_NORMAL_ADJACENT_TISSUE_UP', 'BIOCARTA_TEL_PATHWAY', 'CASORELLI_ACUTE_PROMYELOCYTIC_LEUKEMIA_DN', 'DODD_NASOPHARYNGEAL_CARCINOMA_UP', 'GOBP_CHROMOSOME_ORGANIZATION', 'GOBP_DNA_DAMAGE_RESPONSE', 'GOBP_DNA_REPAIR', 'GOBP_DOUBLE_STRAND_BREAK_REPAIR', 'GOBP_DOUBLE_STRAND_BREAK_REPAIR_VIA_CLASSICAL_NONHOMOLOGOUS_END_JOINING', 'GOBP_DOUBLE_STRAND_BREAK_REPAIR_VIA_NONHOMOLOGOUS_END_JOINING', 'GOBP_RECOMBINATIONAL_REPAIR', 'GOBP_TELOMERE_ORGANIZATION', 'GOCC_CHROMOSOME', 'GOCC_CHROMOSOME_TELOMERIC_REPEAT_REGION', 'GOCC_DNA_DEPENDENT_PROTEIN_KINASE_COMPLEX', 'GOCC_DNA_DEPENDENT_PROTEIN_KINASE_DNA_LIGASE_4_COMPLEX', 'GOCC_DNA_REPAIR_COMPLEX', 'GOCC_NONHOMOLOGOUS_END_JOINING_COMPLEX', 'GOCC_NUCLEOLUS', 'GOCC_PROTEIN_DNA_COMPLEX', 'GOCC_TRANSCRIPTION_REGULATOR_COMPLEX', 'GOMF_DNA_HELICASE_ACTIVITY', 'GOMF_SEQUENCE_SPECIFIC_DNA_BINDING', 'KAUFFMANN_DNA_REPAIR_GENES', 'KEGG_NON_HOMOLOGOUS_END_JOINING', 'MODULE_244', 'MORF_XRCC5', 'OUELLET_CULTURED_OVARIAN_CANCER_INVASIVE_VS_LMP_UP', 'PULVER_FOREY_CELLCYCLE_PEAKING_S1', 'REACTOME_CYTOSOLIC_SENSORS_OF_PATHOGEN_ASSOCIATED_DNA', 'REACTOME_DNA_DOUBLE_STRAND_BREAK_REPAIR', 'REACTOME_DNA_REPAIR', 'REACTOME_DOUBLE_STRAND_BREAK_REPAIR', 'STRUCTURE_SPECIFIC_DNA_BINDING', 'SU_HO_CONV_CENT_CHONDROSARCOMA_C5_CHON2', 'SU_HO_FOETAL_FEMUR_C3_PROLIFERATING_CHONDROCYTE', 'TOYOTA_TARGETS_OF_MIR34B_AND_MIR34C', 'WP_DNA_REPAIR_PATHWAYS_FULL_NETWORK', 'ZHAN_MULTIPLE_MYELOMA_SUBGROUPS']"
MEN1,损伤应答检查点（CP）,0,0,0,0,0,0,0,2,13,"['DEBIASI_APOPTOSIS_BY_REOVIRUS_INFECTION_DN', 'FERNANDEZ_BOUND_BY_MYC', 'GOBP_CHROMATIN_ORGANIZATION', 'GOBP_CHROMATIN_REMODELING', 'GOBP_DNA_DAMAGE_RESPONSE', 'GOBP_DNA_REPAIR', 'GOBP_POSITIVE_REGULATION_OF_GENE_EXPRESSION_EPIGENETIC', 'GOCC_CHROMOSOME', 'GOCC_TRANSCRIPTION_REGULATOR_COMPLEX', 'GOMF_DNA_SECONDARY_STRUCTURE_BINDING', 'GOMF_FOUR_WAY_JUNCTION_DNA_BINDING', 'GOMF_SEQUENCE_SPECIFIC_DNA_BINDING', 'LOPEZ_MBD_TARGETS', 'MYLLYKANGAS_AMPLIFICATION_HOT_SPOT_23', 'PULVER_FOREY_CELLCYCLE_PEAKING_G2_M']"
HTATSF1,同源重组（HR）,1,0,0,0,0,0,0,0,8,"['ACEVEDO_LIVER_TUMOR_VS_NORMAL_ADJACENT_TISSUE_UP', 'GOBP_CHROMATIN_ORGANIZATION', 'GOBP_DNA_DAMAGE_RESPONSE', 'GOBP_DNA_REPAIR', 'GOBP_DOUBLE_STRAND_BREAK_REPAIR', 'GOBP_PROTEIN_LOCALIZATION_TO_SITE_OF_DOUBLE_STRAND_BREAK', 'GOBP_RECOMBINATIONAL_REPAIR', 'GOCC_SITE_OF_DNA_DAMAGE', 'GOCC_SITE_OF_DOUBLE_STRAND_BREAK', 'KAUFFMANN_DNA_REPLICATION_GENES', 'MOOTHA_HUMAN_MITODB_6_2002', 'MOOTHA_MITOCHONDRIA', 'PHONG_TNF_RESPONSE_NOT_VIA_P38', 'TIEN_INTESTINE_PROBIOTICS_24HR_UP']"
TOP2A,混合(HR+NER+BER),3,0,1,3,0,0,0,0,50,"['ABRAMSON_INTERACT_WITH_AIRE', 'BIOCARTA_DNAFRAGMENT_PATHWAY', 'CASORELLI_ACUTE_PROMYELOCYTIC_LEUKEMIA_DN', 'CHICAS_RB1_TARGETS_GROWING', 'DACOSTA_UV_RESPONSE_VIA_ERCC3_COMMON_DN', 'DACOSTA_UV_RESPONSE_VIA_ERCC3_DN', 'DAZARD_RESPONSE_TO_UV_NHEK_DN', 'DAZARD_UV_RESPONSE_CLUSTER_G6', 'DODD_NASOPHARYNGEAL_CARCINOMA_UP', 'DORN_ADENOVIRUS_INFECTION_12HR_DN', 'DORN_ADENOVIRUS_INFECTION_24HR_DN', 'DORN_ADENOVIRUS_INFECTION_32HR_UP', 'DORN_ADENOVIRUS_INFECTION_48HR_UP', 'ENK_UV_RESPONSE_KERATINOCYTE_DN', 'FERREIRA_EWINGS_SARCOMA_UNSTABLE_VS_STABLE_UP', 'GAL_LEUKEMIC_STEM_CELL_DN', 'GENTILE_UV_RESPONSE_CLUSTER_D8', 'GOBP_APOPTOTIC_PROCESS', 'GOBP_CHROMATIN_ORGANIZATION', 'GOBP_CHROMOSOME_ORGANIZATION', 'GOBP_DNA_CONFORMATION_CHANGE', 'GOBP_DNA_DAMAGE_RESPONSE', 'GOBP_DNA_TOPOLOGICAL_CHANGE', 'GOBP_HOMOLOGOUS_RECOMBINATION', 'GOBP_SINGLE_STRANDED_VIRAL_RNA_REPLICATION_VIA_DOUBLE_STRANDED_DNA_INTERMEDIATE', 'GOCC_CHROMOSOME', 'GOCC_CHROMOSOME_CENTROMERIC_REGION', 'GOCC_CONDENSED_CHROMOSOME', 'GOCC_NUCLEOLUS', 'GOMF_DNA_TOPOISOMERASE_ACTIVITY', 'HADDAD_B_LYMPHOCYTE_PROGENITOR', 'HELLER_HDAC_TARGETS_SILENCED_BY_METHYLATION_UP', 'HELLER_HDAC_TARGETS_UP', 'HELLER_SILENCED_BY_METHYLATION_UP', 'HONRADO_BREAST_CANCER_BRCA1_VS_BRCA2', 'HORIUCHI_WTAP_TARGETS_DN', 'KAUFFMANN_DNA_REPAIR_GENES', 'KAUFFMANN_MELANOMA_RELAPSE_UP', 'LASTOWSKA_NEUROBLASTOMA_COPY_NUMBER_UP', 'LOPEZ_MBD_TARGETS', 'MACLACHLAN_BRCA1_TARGETS_UP', 'MODULE_158', 'MODULE_244', 'MODULE_403', 'PATIL_LIVER_CANCER', 'PULVER_FOREY_CELLCYCLE_PEAKING_G2', 'REACTOME_SUMOYLATION_OF_DNA_REPLICATION_PROTEINS', 'REN_BOUND_BY_E2F', 'RHODES_CANCER_META_SIGNATURE', 'RHODES_UNDIFFERENTIATED_CANCER', 'ROSTY_CERVICAL_CANCER_PROLIFERATION_CLUSTER', 'SCIBETTA_KDM5B_TARGETS_DN', 'SPIELMAN_LYMPHOBLAST_EUROPEAN_VS_ASIAN_UP', 'SU_HO_CONV_CENT_CHONDROSARCOMA_C7_PROLIFERATIVE', 'SU_HO_FOETAL_FEMUR_C3_PROLIFERATING_CHONDROCYTE', 'TANG_SENESCENCE_TP53_TARGETS_DN', 'WHITFIELD_CELL_CYCLE_G2', 'WHITFIELD_CELL_CYCLE_LITERATURE', 'WHITFIELD_CELL_CYCLE_S', 'WINNEPENNINCKX_MELANOMA_METASTASIS_UP', 'ZHOU_CELL_CYCLE_GENES_IN_IR_RESPONSE_24HR']"
XRCC1,混合(NER+BER+HR+NHEJ),1,1,4,5,0,0,0,0,18,"['ACEVEDO_LIVER_CANCER_UP', 'CORONEL_RFX7_DIRECT_TARGETS_UP', 'ENK_UV_RESPONSE_EPIDERMIS_UP', 'GOBP_BASE_EXCISION_REPAIR', 'GOBP_CHROMOSOME_ORGANIZATION', 'GOBP_DNA_DAMAGE_RESPONSE', 'GOBP_DNA_REPAIR', 'GOBP_DOUBLE_STRAND_BREAK_REPAIR', 'GOBP_DOUBLE_STRAND_BREAK_REPAIR_VIA_NONHOMOLOGOUS_END_JOINING', 'GOBP_MITOTIC_RECOMBINATION', 'GOBP_REGULATION_OF_DNA_REPAIR', 'GOBP_REGULATION_OF_TELOMERE_MAINTENANCE_IN_RESPONSE_TO_DNA_DAMAGE', 'GOBP_SINGLE_STRAND_BREAK_REPAIR', 'GOBP_TELOMERE_CAPPING', 'GOBP_TELOMERE_ORGANIZATION', 'GOCC_CHROMOSOME', 'GOCC_NUCLEOLUS', 'GOCC_SITE_OF_DNA_DAMAGE', 'GOMF_OXIDIZED_DNA_BINDING', 'HEIDENBLAD_AMPLICON_8Q24_DN', 'KAUFFMANN_DNA_REPAIR_GENES', 'KEGG_BASE_EXCISION_REPAIR', 'LOPEZ_MBD_TARGETS', 'MURAKAMI_UV_RESPONSE_6HR_UP', 'PULVER_FOREY_CELLCYCLE_PEAKING_S2', 'REACTOME_BASE_EXCISION_REPAIR', 'REACTOME_DNA_DOUBLE_STRAND_BREAK_REPAIR', 'REACTOME_DNA_REPAIR', 'REACTOME_GAP_FILLING_DNA_REPAIR_SYNTHESIS_AND_LIGATION_IN_GG_NER', 'REACTOME_GLOBAL_GENOME_NUCLEOTIDE_EXCISION_REPAIR_GG_NER', 'REACTOME_HOMOLOGY_DIRECTED_REPAIR', 'REACTOME_NUCLEOTIDE_EXCISION_REPAIR', 'REACTOME_TRANSCRIPTION_COUPLED_NUCLEOTIDE_EXCISION_REPAIR_TC_NER', 'SPIELMAN_LYMPHOBLAST_EUROPEAN_VS_ASIAN_UP', 'WP_BASE_EXCISION_REPAIR', 'WP_DNA_REPAIR_PATHWAYS_FULL_NETWORK', 'WP_NUCLEOTIDE_EXCISION_REPAIR_IN_XERODERMA_PIGMENTOSUM']"
ERCC3,核苷酸切除修复（NER）,0,0,0,8,0,0,0,0,23,"['GEORGES_CELL_CYCLE_MIR192_TARGETS', 'GEORGES_TARGETS_OF_MIR192_AND_MIR215', 'GOBP_APOPTOTIC_PROCESS', 'GOBP_CHROMOSOME_ORGANIZATION', 'GOBP_DNA_CONFORMATION_CHANGE', 'GOBP_DNA_DAMAGE_RESPONSE', 'GOBP_DNA_REPAIR', 'GOBP_DNA_TOPOLOGICAL_CHANGE', 'GOBP_NUCLEOTIDE_EXCISION_REPAIR', 'GOBP_TRANSCRIPTION_COUPLED_NUCLEOTIDE_EXCISION_REPAIR', 'GOCC_PROTEIN_DNA_COMPLEX', 'GOCC_TRANSCRIPTION_FACTOR_TFIID_COMPLEX', 'GOCC_TRANSCRIPTION_PREINITIATION_COMPLEX', 'GOCC_TRANSCRIPTION_REGULATOR_COMPLEX', 'GOMF_3_5_DNA_HELICASE_ACTIVITY', 'GOMF_DNA_HELICASE_ACTIVITY', 'HALLMARK_DNA_REPAIR', 'HP_ABNORMALITY_OF_DNA_REPAIR', 'HP_DEFECTIVE_DNA_REPAIR_AFTER_ULTRAVIOLET_RADIATION_DAMAGE', 'KAUFFMANN_DNA_REPAIR_GENES', 'KEGG_NUCLEOTIDE_EXCISION_REPAIR', 'MODULE_244', 'MYLLYKANGAS_AMPLIFICATION_HOT_SPOT_25', 'PULVER_FOREY_CELLCYCLE_PEAKING_G1_S', 'PULVER_FOREY_PERTURB_ACCUMULATION_LG1', 'REACTOME_DNA_REPAIR', 'REACTOME_FORMATION_OF_TRANSCRIPTION_COUPLED_NER_TC_NER_REPAIR_COMPLEX', 'REACTOME_GLOBAL_GENOME_NUCLEOTIDE_EXCISION_REPAIR_GG_NER', 'REACTOME_NUCLEOTIDE_EXCISION_REPAIR', 'REACTOME_TP53_REGULATES_TRANSCRIPTION_OF_DNA_REPAIR_GENES', 'REACTOME_TRANSCRIPTION_COUPLED_NUCLEOTIDE_EXCISION_REPAIR_TC_NER', 'TIEN_INTESTINE_PROBIOTICS_24HR_UP', 'TIEN_INTESTINE_PROBIOTICS_2HR_DN', 'VANHARANTA_UTERINE_FIBROID_UP', 'WP_DNA_REPAIR_PATHWAYS_FULL_NETWORK', 'WP_NUCLEOTIDE_EXCISION_REPAIR', 'WP_NUCLEOTIDE_EXCISION_REPAIR_IN_XERODERMA_PIGMENTOSUM']"
TAF1,核苷酸切除修复（NER）,0,0,0,2,0,0,0,0,28,"['BIOCARTA_P53HYPOXIA_PATHWAY', 'G1_PHASE', 'G1_PHASE_OF_MITOTIC_CELL_CYCLE', 'GCM_ERCC4', 'GINESTIER_BREAST_CANCER_20Q13_AMPLIFICATION_UP', 'GOBP_CHROMATIN_ORGANIZATION', 'GOBP_CHROMATIN_REMODELING', 'GOBP_DNA_DAMAGE_RESPONSE', 'GOBP_MRNA_TRANSCRIPTION', 'GOBP_RNA_POLYMERASE_II_PREINITIATION_COMPLEX_ASSEMBLY', 'GOBP_TRANSCRIPTION_BY_RNA_POLYMERASE_I', 'GOBP_TRANSCRIPTION_PREINITIATION_COMPLEX_ASSEMBLY', 'GOCC_CHROMOSOME', 'GOCC_NUCLEOLUS', 'GOCC_TRANSCRIPTION_FACTOR_TFIID_COMPLEX', 'GOCC_TRANSCRIPTION_REGULATOR_COMPLEX', 'GOMF_CORE_PROMOTER_SEQUENCE_SPECIFIC_DNA_BINDING', 'GOMF_DNA_BINDING_TRANSCRIPTION_FACTOR_BINDING', 'GOMF_GENERAL_TRANSCRIPTION_INITIATION_FACTOR_ACTIVITY', 'GOMF_RNA_POLYMERASE_II_CORE_PROMOTER_SEQUENCE_SPECIFIC_DNA_BINDING', 'GOMF_RNA_POLYMERASE_II_SPECIFIC_DNA_BINDING_TRANSCRIPTION_FACTOR_BINDING', 'GOMF_RNA_POLYMERASE_II_TRANSCRIPTION_REGULATORY_REGION_SEQUENCE_SPECIFIC_DNA_BINDING', 'GOMF_SEQUENCE_SPECIFIC_DNA_BINDING', 'GSE8835_CD4_VS_CD8_TCELL_UP', 'PULVER_FOREY_CELLCYCLE_ENRICHED_TFS_G2', 'PULVER_FOREY_CELLCYCLE_ENRICHED_TFS_G2_M', 'PULVER_FOREY_CELLCYCLE_ENRICHED_TFS_S1', 'PULVER_FOREY_CELLCYCLE_ENRICHED_TFS_S2', 'PULVER_FOREY_CELLCYCLE_PEAKING_S2', 'PULVER_FOREY_PERTURB_ACCUMULATION_LG1', 'PULVER_FOREY_PERTURB_ATTRITION_G1_S', 'WANG_CLIM2_TARGETS_UP']"
SFPQ,混合(BER+HR+NHEJ),1,1,2,0,0,0,0,0,28,"['CASORELLI_ACUTE_PROMYELOCYTIC_LEUKEMIA_DN', 'CHARAFE_BREAST_CANCER_LUMINAL_VS_MESENCHYMAL_DN', 'GINESTIER_BREAST_CANCER_20Q13_AMPLIFICATION_DN', 'GNF2_APEX1', 'GNF2_XRCC5', 'GOBP_APOPTOTIC_PROCESS', 'GOBP_CHROMATIN_ORGANIZATION', 'GOBP_CHROMATIN_REMODELING', 'GOBP_CHROMOSOME_ORGANIZATION', 'GOBP_DNA_DAMAGE_RESPONSE', 'GOBP_DNA_REPAIR', 'GOBP_DOUBLE_STRAND_BREAK_REPAIR', 'GOBP_INTRINSIC_APOPTOTIC_SIGNALING_PATHWAY', 'GOBP_RECOMBINATIONAL_REPAIR', 'GOCC_CHROMOSOME', 'GOCC_TRANSCRIPTION_REGULATOR_COMPLEX', 'GOMF_SEQUENCE_SPECIFIC_DNA_BINDING', 'HELLER_HDAC_TARGETS_DN', 'LASTOWSKA_NEUROBLASTOMA_COPY_NUMBER_DN', 'LU_AGING_BRAIN_DN', 'MARTENS_TRETINOIN_RESPONSE_DN', 'NAKAMURA_TUMOR_ZONE_PERIPHERAL_VS_CENTRAL_DN', 'NATSUME_RESPONSE_TO_INTERFERON_BETA_UP', 'PULVER_FOREY_PERTURB_ACCUMULATION_LG1', 'PULVER_FOREY_PERTURB_ATTRITION_G2_M', 'PULVER_FOREY_PERTURB_ATTRITION_M_EG1', 'RUTELLA_RESPONSE_TO_CSF2RB_AND_IL4_DN', 'RUTELLA_RESPONSE_TO_HGF_DN', 'RUTELLA_RESPONSE_TO_HGF_VS_CSF2RB_AND_IL4_DN', 'SPIELMAN_LYMPHOBLAST_EUROPEAN_VS_ASIAN_DN', 'SU_HO_CONV_CENT_CHONDROSARCOMA_STROMAL_C1_OSSIFICATION_STROMAL_CELL', 'SU_HO_FOETAL_FEMUR_C3_PROLIFERATING_CHONDROCYTE', 'TIEN_INTESTINE_PROBIOTICS_24HR_UP', 'WANG_CLIM2_TARGETS_UP', 'WANG_LMO4_TARGETS_UP', 'WEI_MYCN_TARGETS_WITH_E_BOX', 'WHITFIELD_CELL_CYCLE_G2_M']"
MTREX,混合(NER+NHEJ),0,1,0,2,0,0,0,0,6,"['CASORELLI_ACUTE_PROMYELOCYTIC_LEUKEMIA_DN', 'DACOSTA_UV_RESPONSE_VIA_ERCC3_COMMON_DN', 'DACOSTA_UV_RESPONSE_VIA_ERCC3_DN', 'GOBP_DNA_DAMAGE_RESPONSE', 'GOBP_NUCLEIC_ACID_CATABOLIC_PROCESS', 'GOCC_NUCLEOLUS', 'MORF_DNMT1', 'MORF_XRCC5', 'PULVER_FOREY_PERTURB_ACCUMULATION_LG1', 'PULVER_FOREY_PERTURB_ATTRITION_S']"
LIG3,混合(NER+BER+HR+NHEJ),2,1,4,5,0,0,0,0,22,"['GOBP_BASE_EXCISION_REPAIR', 'GOBP_BASE_EXCISION_REPAIR_GAP_FILLING', 'GOBP_DNA_DAMAGE_RESPONSE', 'GOBP_DNA_REPAIR', 'GOBP_DNA_REPLICATION', 'GOBP_DNA_STRAND_ELONGATION', 'GOBP_DNA_STRAND_ELONGATION_INVOLVED_IN_DNA_REPLICATION', 'GOBP_DNA_TEMPLATED_DNA_REPLICATION', 'GOBP_DOUBLE_STRAND_BREAK_REPAIR', 'GOBP_DOUBLE_STRAND_BREAK_REPAIR_VIA_ALTERNATIVE_NONHOMOLOGOUS_END_JOINING', 'GOBP_DOUBLE_STRAND_BREAK_REPAIR_VIA_NONHOMOLOGOUS_END_JOINING', 'GOBP_MITOCHONDRIAL_DNA_REPAIR', 'GOBP_MITOCHONDRIAL_DNA_REPLICATION', 'GOBP_NEGATIVE_REGULATION_OF_DNA_REPLICATION', 'GOBP_NEGATIVE_REGULATION_OF_DNA_TEMPLATED_DNA_REPLICATION', 'GOBP_RECOMBINATIONAL_REPAIR', 'GOBP_REGULATION_OF_DNA_REPLICATION', 'GOBP_REGULATION_OF_DNA_TEMPLATED_DNA_REPLICATION', 'GOBP_REGULATION_OF_MITOCHONDRIAL_DNA_METABOLIC_PROCESS', 'GSE8835_CD4_VS_CD8_TCELL_UP', 'HP_MITOCHONDRIAL_DEPLETION', 'HP_MULTIPLE_MITOCHONDRIAL_DNA_DELETIONS', 'KAUFFMANN_DNA_REPAIR_GENES', 'KAUFFMANN_DNA_REPLICATION_GENES', 'KEGG_BASE_EXCISION_REPAIR', 'PATIL_LIVER_CANCER', 'PULVER_FOREY_CELLCYCLE_PEAKING_G2', 'REACTOME_BASE_EXCISION_REPAIR', 'REACTOME_DNA_DOUBLE_STRAND_BREAK_REPAIR', 'REACTOME_DNA_REPAIR', 'REACTOME_DNA_REPLICATION', 'REACTOME_GAP_FILLING_DNA_REPAIR_SYNTHESIS_AND_LIGATION_IN_GG_NER', 'REACTOME_GLOBAL_GENOME_NUCLEOTIDE_EXCISION_REPAIR_GG_NER', 'REACTOME_HOMOLOGY_DIRECTED_REPAIR', 'REACTOME_NUCLEOTIDE_EXCISION_REPAIR', 'REACTOME_STRAND_ASYNCHRONOUS_MITOCHONDRIAL_DNA_REPLICATION', 'REACTOME_TRANSCRIPTION_COUPLED_NUCLEOTIDE_EXCISION_REPAIR_TC_NER', 'WP_BASE_EXCISION_REPAIR', 'WP_DNA_REPAIR_PATHWAYS_FULL_NETWORK', 'WP_NUCLEOTIDE_EXCISION_REPAIR_IN_XERODERMA_PIGMENTOSUM']"
HMGA2,混合(NHEJ+BER+NER),0,1,1,1,0,0,0,0,42,"['CARRILLOREIXACH_HEPATOBLASTOMA_VS_NORMAL_UP', 'CASORELLI_ACUTE_PROMYELOCYTIC_LEUKEMIA_DN', 'CHARAFE_BREAST_CANCER_LUMINAL_VS_BASAL_DN', 'CHARAFE_BREAST_CANCER_LUMINAL_VS_MESENCHYMAL_DN', 'CHICAS_RB1_TARGETS_SENESCENT', 'DAZARD_RESPONSE_TO_UV_NHEK_DN', 'DAZARD_RESPONSE_TO_UV_SCC_DN', 'DAZARD_UV_RESPONSE_CLUSTER_G6', 'GCM_ERCC4', 'GENTILE_UV_HIGH_DOSE_DN', 'GENTILE_UV_LOW_DOSE_DN', 'GENTILE_UV_RESPONSE_CLUSTER_D4', 'GOBP_APOPTOTIC_PROCESS', 'GOBP_BASE_EXCISION_REPAIR', 'GOBP_CHROMATIN_ORGANIZATION', 'GOBP_CHROMATIN_REMODELING', 'GOBP_CHROMOSOME_ORGANIZATION', 'GOBP_DNA_DAMAGE_RESPONSE', 'GOBP_DNA_REPAIR', 'GOBP_DOUBLE_STRAND_BREAK_REPAIR', 'GOBP_DOUBLE_STRAND_BREAK_REPAIR_VIA_NONHOMOLOGOUS_END_JOINING', 'GOBP_NEGATIVE_REGULATION_OF_DNA_BINDING', 'GOBP_NEGATIVE_REGULATION_OF_DNA_REPAIR', 'GOBP_NEGATIVE_REGULATION_OF_DOUBLE_STRAND_BREAK_REPAIR_VIA_NONHOMOLOGOUS_END_JOINING', 'GOBP_NEGATIVE_REGULATION_OF_GENE_EXPRESSION_EPIGENETIC', 'GOBP_NEGATIVE_REGULATION_OF_SINGLE_STRANDED_VIRAL_RNA_REPLICATION_VIA_DOUBLE_STRANDED_DNA_INTERMEDIATE', 'GOBP_REGULATION_OF_DNA_BINDING', 'GOBP_REGULATION_OF_DNA_REPAIR', 'GOBP_REGULATION_OF_DOUBLE_STRAND_BREAK_REPAIR_VIA_NONHOMOLOGOUS_END_JOINING', 'GOBP_SINGLE_STRANDED_VIRAL_RNA_REPLICATION_VIA_DOUBLE_STRANDED_DNA_INTERMEDIATE', 'GOCC_CHROMOSOME', 'GOCC_PROTEIN_DNA_COMPLEX', 'GOMF_CHROMATIN_DNA_BINDING', 'GOMF_CIS_REGULATORY_REGION_SEQUENCE_SPECIFIC_DNA_BINDING', 'GOMF_DNA_APURINIC_OR_APYRIMIDINIC_SITE_ENDONUCLEASE_ACTIVITY', 'GOMF_DNA_BINDING_TRANSCRIPTION_FACTOR_BINDING', 'GOMF_DNA_SECONDARY_STRUCTURE_BINDING', 'GOMF_MINOR_GROOVE_OF_ADENINE_THYMINE_RICH_DNA_BINDING', 'GOMF_NUCLEOSOMAL_DNA_BINDING', 'GOMF_NUCLEOSOME_BINDING', 'GOMF_RNA_POLYMERASE_II_SPECIFIC_DNA_BINDING_TRANSCRIPTION_FACTOR_BINDING', 'GOMF_RNA_POLYMERASE_II_TRANSCRIPTION_REGULATORY_REGION_SEQUENCE_SPECIFIC_DNA_BINDING', 'GOMF_SEQUENCE_SPECIFIC_DNA_BINDING', 'HADDAD_T_LYMPHOCYTE_AND_NK_PROGENITOR_UP', 'HORIUCHI_WTAP_TARGETS_DN', 'MARTINEZ_RESPONSE_TO_TRABECTEDIN', 'MYLLYKANGAS_AMPLIFICATION_HOT_SPOT_21', 'NAKAMURA_TUMOR_ZONE_PERIPHERAL_VS_CENTRAL_UP', 'REACTOME_DNA_DAMAGE_TELOMERE_STRESS_INDUCED_SENESCENCE', 'TSAI_DNAJB4_TARGETS_DN']"
XPC,混合(NER+BER+MMR),0,0,1,6,1,0,0,0,29,"['AGUIRRE_PANCREATIC_CANCER_COPY_NUMBER_DN', 'DEBIASI_APOPTOSIS_BY_REOVIRUS_INFECTION_DN', 'ENK_UV_RESPONSE_EPIDERMIS_UP', 'GOBP_DNA_DAMAGE_RESPONSE', 'GOBP_DNA_INTEGRITY_CHECKPOINT_SIGNALING', 'GOBP_DNA_REPAIR', 'GOBP_MISMATCH_REPAIR', 'GOBP_MITOTIC_DNA_INTEGRITY_CHECKPOINT_SIGNALING', 'GOBP_MITOTIC_INTRA_S_DNA_DAMAGE_CHECKPOINT_SIGNALING', 'GOBP_NUCLEOTIDE_EXCISION_REPAIR', 'GOBP_PYRIMIDINE_DIMER_REPAIR', 'GOBP_SIGNAL_TRANSDUCTION_IN_RESPONSE_TO_DNA_DAMAGE', 'GOBP_UV_DAMAGE_EXCISION_REPAIR', 'GOCC_CHROMOSOME', 'GOCC_NUCLEOLUS', 'GOCC_SITE_OF_DNA_DAMAGE', 'GOMF_BUBBLE_DNA_BINDING', 'GOMF_DNA_BINDING_TRANSCRIPTION_FACTOR_BINDING', 'GOMF_DNA_DAMAGE_SENSOR_ACTIVITY', 'GOMF_DNA_INSERTION_OR_DELETION_BINDING', 'GOMF_DNA_SECONDARY_STRUCTURE_BINDING', 'GOMF_MISMATCHED_DNA_BINDING', 'GOMF_RNA_POLYMERASE_II_SPECIFIC_DNA_BINDING_TRANSCRIPTION_FACTOR_BINDING', 'GOMF_TRANSCRIPTION_COACTIVATOR_ACTIVITY', 'HALLMARK_DNA_REPAIR', 'HP_ABNORMALITY_OF_DNA_REPAIR', 'HP_DEFECTIVE_DNA_REPAIR_AFTER_ULTRAVIOLET_RADIATION_DAMAGE', 'KAUFFMANN_DNA_REPAIR_GENES', 'KEGG_NUCLEOTIDE_EXCISION_REPAIR', 'KIM_MYC_AMPLIFICATION_TARGETS_UP', 'MANN_RESPONSE_TO_AMIFOSTINE_UP', 'PULVER_FOREY_CELLCYCLE_PEAKING_S2', 'REACTOME_DNA_DAMAGE_RECOGNITION_IN_GG_NER', 'REACTOME_DNA_REPAIR', 'REACTOME_GLOBAL_GENOME_NUCLEOTIDE_EXCISION_REPAIR_GG_NER', 'REACTOME_NUCLEOTIDE_EXCISION_REPAIR', 'REACTOME_SUMOYLATION_OF_DNA_DAMAGE_RESPONSE_AND_REPAIR_PROTEINS', 'SMIRNOV_RESPONSE_TO_IR_6HR_UP', 'STRUCTURE_SPECIFIC_DNA_BINDING', 'TSAI_RESPONSE_TO_IONIZING_RADIATION', 'WAKASUGI_HAVE_ZNF143_BINDING_SITES', 'WP_DNA_REPAIR_PATHWAYS_FULL_NETWORK', 'WP_NUCLEOTIDE_EXCISION_REPAIR', 'WP_NUCLEOTIDE_EXCISION_REPAIR_IN_XERODERMA_PIGMENTOSUM', 'ZHU_CMV_24_HR_DN', 'ZHU_CMV_ALL_DN']"
TP53BP1,混合(NER+HR+NHEJ),2,2,0,3,0,0,0,0,29,"['CARRILLOREIXACH_HEPATOBLASTOMA_VS_NORMAL_UP', 'DACOSTA_UV_RESPONSE_VIA_ERCC3_DN', 'ENK_UV_RESPONSE_KERATINOCYTE_DN', 'GOBP_APOPTOTIC_PROCESS', 'GOBP_CHROMATIN_ORGANIZATION', 'GOBP_DNA_DAMAGE_RESPONSE', 'GOBP_DNA_INTEGRITY_CHECKPOINT_SIGNALING', 'GOBP_DNA_REPAIR', 'GOBP_DOUBLE_STRAND_BREAK_REPAIR', 'GOBP_DOUBLE_STRAND_BREAK_REPAIR_VIA_CLASSICAL_NONHOMOLOGOUS_END_JOINING', 'GOBP_DOUBLE_STRAND_BREAK_REPAIR_VIA_NONHOMOLOGOUS_END_JOINING', 'GOBP_INTRINSIC_APOPTOTIC_SIGNALING_PATHWAY', 'GOBP_NEGATIVE_REGULATION_OF_DNA_RECOMBINATION', 'GOBP_NEGATIVE_REGULATION_OF_DNA_REPAIR', 'GOBP_NEGATIVE_REGULATION_OF_DOUBLE_STRAND_BREAK_REPAIR_VIA_HOMOLOGOUS_RECOMBINATION', 'GOBP_POSITIVE_REGULATION_OF_DNA_RECOMBINATION', 'GOBP_PROTEIN_LOCALIZATION_TO_SITE_OF_DOUBLE_STRAND_BREAK', 'GOBP_RECOMBINATIONAL_REPAIR', 'GOBP_REGULATION_OF_DNA_RECOMBINATION', 'GOBP_REGULATION_OF_DNA_REPAIR', 'GOBP_REGULATION_OF_DOUBLE_STRAND_BREAK_REPAIR_VIA_HOMOLOGOUS_RECOMBINATION', 'GOBP_SIGNAL_TRANSDUCTION_IN_RESPONSE_TO_DNA_DAMAGE', 'GOCC_CHROMOSOME', 'GOCC_CHROMOSOME_CENTROMERIC_REGION', 'GOCC_CONDENSED_CHROMOSOME', 'GOCC_DNA_REPAIR_COMPLEX', 'GOCC_KINETOCHORE', 'GOCC_REPLICATION_FORK', 'GOCC_SITE_OF_DNA_DAMAGE', 'GOCC_SITE_OF_DOUBLE_STRAND_BREAK', 'GOMF_DNA_BINDING_TRANSCRIPTION_FACTOR_BINDING', 'GOMF_HISTONE_BINDING', 'GOMF_RNA_POLYMERASE_II_SPECIFIC_DNA_BINDING_TRANSCRIPTION_FACTOR_BINDING', 'GOMF_SEQUENCE_SPECIFIC_DNA_BINDING', 'GOMF_TRANSCRIPTION_COACTIVATOR_ACTIVITY', 'KAUFFMANN_DNA_REPAIR_GENES', 'MORF_DDB1', 'PATIL_LIVER_CANCER', 'PULVER_FOREY_CELLCYCLE_PEAKING_G2_M', 'PULVER_FOREY_PERTURB_ACCUMULATION_G2_M', 'REACTOME_DNA_DOUBLE_STRAND_BREAK_REPAIR', 'REACTOME_DNA_DOUBLE_STRAND_BREAK_RESPONSE', 'REACTOME_DNA_REPAIR', 'REACTOME_DOUBLE_STRAND_BREAK_REPAIR', 'REACTOME_G2_M_DNA_DAMAGE_CHECKPOINT', 'REACTOME_HOMOLOGOUS_RECOMBINATION_REPAIR_OF_REPLICATION_INDEPENDENT_DOUBLE_STRAND_BREAKS', 'REACTOME_HOMOLOGY_DIRECTED_REPAIR', 'REACTOME_PROCESSING_OF_DNA_DOUBLE_STRAND_BREAK_ENDS', 'WP_DNA_IRDAMAGE_AND_CELLULAR_RESPONSE_VIA_ATR', 'WP_DNA_IRDOUBLE_STRAND_BREAKS_AND_CELLULAR_RESPONSE_VIA_ATM', 'ZHU_CMV_8_HR_DN', 'ZHU_CMV_ALL_DN']"
ATR,混合(HR+NER),4,0,0,4,0,0,0,0,36,"['BIOCARTA_ATRBRCA_PATHWAY', 'BIOCARTA_G1_PATHWAY', 'BIOCARTA_G2_PATHWAY', 'DACOSTA_UV_RESPONSE_VIA_ERCC3_COMMON_DN', 'DACOSTA_UV_RESPONSE_VIA_ERCC3_DN', 'DEBIASI_APOPTOSIS_BY_REOVIRUS_INFECTION_DN', 'DNA_DAMAGE_CHECKPOINT', 'DODD_NASOPHARYNGEAL_CARCINOMA_UP', 'EHLERS_ANEUPLOIDY_UP', 'ENK_UV_RESPONSE_KERATINOCYTE_DN', 'FLECHNER_PBL_KIDNEY_TRANSPLANT_REJECTED_VS_OK_UP', 'GOBP_CHROMATIN_ORGANIZATION', 'GOBP_CHROMATIN_REMODELING', 'GOBP_CHROMOSOME_ORGANIZATION', 'GOBP_DNA_DAMAGE_RESPONSE', 'GOBP_DNA_DAMAGE_RESPONSE_SIGNAL_TRANSDUCTION_BY_P53_CLASS_MEDIATOR', 'GOBP_DNA_INTEGRITY_CHECKPOINT_SIGNALING', 'GOBP_DNA_REPAIR', 'GOBP_DNA_REPLICATION', 'GOBP_DNA_TEMPLATED_DNA_REPLICATION', 'GOBP_DNA_TEMPLATED_DNA_REPLICATION_MAINTENANCE_OF_FIDELITY', 'GOBP_DOUBLE_STRAND_BREAK_REPAIR', 'GOBP_INTERSTRAND_CROSS_LINK_REPAIR', 'GOBP_NEGATIVE_REGULATION_OF_DNA_REPLICATION', 'GOBP_POSITIVE_REGULATION_OF_DNA_BIOSYNTHETIC_PROCESS', 'GOBP_POSITIVE_REGULATION_OF_DNA_DAMAGE_RESPONSE_SIGNAL_TRANSDUCTION_BY_P53_CLASS_MEDIATOR', 'GOBP_REGULATION_OF_DNA_BIOSYNTHETIC_PROCESS', 'GOBP_REGULATION_OF_DNA_DAMAGE_RESPONSE_SIGNAL_TRANSDUCTION_BY_P53_CLASS_MEDIATOR', 'GOBP_REGULATION_OF_DNA_REPAIR', 'GOBP_REGULATION_OF_DNA_REPLICATION', 'GOBP_RNA_TEMPLATED_DNA_BIOSYNTHETIC_PROCESS', 'GOBP_SIGNAL_TRANSDUCTION_IN_RESPONSE_TO_DNA_DAMAGE', 'GOBP_TELOMERE_ORGANIZATION', 'GOCC_CHROMOSOME', 'GOCC_SITE_OF_DNA_DAMAGE', 'GOMF_MISMATCH_REPAIR_COMPLEX_BINDING', 'GOMF_MUTLALPHA_COMPLEX_BINDING', 'GOMF_MUTSALPHA_COMPLEX_BINDING', 'HADDAD_B_LYMPHOCYTE_PROGENITOR', 'KAUFFMANN_DNA_REPAIR_GENES', 'KEGG_CELL_CYCLE', 'KEGG_P53_SIGNALING_PATHWAY', 'MODULE_403', 'PULVER_FOREY_PERTURB_ACCUMULATION_LG1', 'PULVER_FOREY_PERTURB_ACCUMULATION_M_EG1', 'PULVER_FOREY_PERTURB_ATTRITION_G1_S', 'PULVER_FOREY_PERTURB_ATTRITION_S', 'QI_PBMC_ZOSTAVAX_AGE_50_75YO_CORRELATED_WITH_28D_PEAK_T_CELL_RESPONSE_14DY_NEGATIVE', 'REACTOME_DISEASES_OF_DNA_REPAIR', 'REACTOME_DNA_DOUBLE_STRAND_BREAK_REPAIR', 'REACTOME_DNA_REPAIR', 'REACTOME_G2_M_DNA_DAMAGE_CHECKPOINT', 'REACTOME_HOMOLOGOUS_DNA_PAIRING_AND_STRAND_EXCHANGE', 'REACTOME_HOMOLOGY_DIRECTED_REPAIR', 'REACTOME_PROCESSING_OF_DNA_DOUBLE_STRAND_BREAK_ENDS', 'REACTOME_TP53_REGULATES_TRANSCRIPTION_OF_DNA_REPAIR_GENES', 'SOGA_COLORECTAL_CANCER_MYC_UP', 'WP_DNA_DAMAGE_RESPONSE', 'WP_DNA_IRDAMAGE_AND_CELLULAR_RESPONSE_VIA_ATR', 'WP_DNA_IRDOUBLE_STRAND_BREAKS_AND_CELLULAR_RESPONSE_VIA_ATM', 'WP_DNA_REPAIR_PATHWAYS_FULL_NETWORK', 'WP_MIRNA_REGULATION_OF_DNA_DAMAGE_RESPONSE', 'WP_NIPBL_ROLE_IN_DNA_DAMAGE_CORNELIA_DE_LANGE_SYNDROME']"
SNW1,核苷酸切除修复（NER）,0,0,0,1,0,0,0,0,11,"['DACOSTA_UV_RESPONSE_VIA_ERCC3_DN', 'FAELT_B_CLL_WITH_VH3_21_DN', 'GOBP_APOPTOTIC_PROCESS', 'GOBP_DNA_DAMAGE_RESPONSE', 'GOBP_INTRINSIC_APOPTOTIC_SIGNALING_PATHWAY', 'GOBP_INTRINSIC_APOPTOTIC_SIGNALING_PATHWAY_IN_RESPONSE_TO_DNA_DAMAGE', 'GOBP_INTRINSIC_APOPTOTIC_SIGNALING_PATHWAY_IN_RESPONSE_TO_DNA_DAMAGE_BY_P53_CLASS_MEDIATOR', 'GOBP_POSITIVE_REGULATION_BY_HOST_OF_VIRAL_TRANSCRIPTION', 'GOMF_DNA_BINDING_TRANSCRIPTION_FACTOR_BINDING', 'GOMF_NUCLEAR_VITAMIN_D_RECEPTOR_BINDING', 'GOMF_RNA_POLYMERASE_II_SPECIFIC_DNA_BINDING_TRANSCRIPTION_FACTOR_BINDING', 'GOMF_TRANSCRIPTION_COACTIVATOR_ACTIVITY', 'KEGG_NOTCH_SIGNALING_PATHWAY', 'MOOTHA_PGC', 'PULVER_FOREY_PERTURB_ACCUMULATION_S', 'TIEN_INTESTINE_PROBIOTICS_6HR_DN']"
MDC1,混合(HR+NER),1,0,0,1,0,0,0,0,19,"['ACEVEDO_LIVER_CANCER_UP', 'ACEVEDO_LIVER_TUMOR_VS_NORMAL_ADJACENT_TISSUE_UP', 'COLLIS_PRKDC_REGULATORS', 'DAZARD_RESPONSE_TO_UV_NHEK_DN', 'GEORGES_TARGETS_OF_MIR192_AND_MIR215', 'GOBP_CHROMATIN_ORGANIZATION', 'GOBP_DNA_DAMAGE_RESPONSE', 'GOBP_DNA_INTEGRITY_CHECKPOINT_SIGNALING', 'GOBP_DNA_REPAIR', 'GOBP_DNA_REPLICATION_CHECKPOINT_SIGNALING', 'GOBP_MITOTIC_DNA_INTEGRITY_CHECKPOINT_SIGNALING', 'GOBP_MITOTIC_INTRA_S_DNA_DAMAGE_CHECKPOINT_SIGNALING', 'GOBP_PROTEIN_LOCALIZATION_TO_SITE_OF_DOUBLE_STRAND_BREAK', 'GOBP_SIGNAL_TRANSDUCTION_IN_RESPONSE_TO_DNA_DAMAGE', 'GOCC_CHROMOSOME', 'GOCC_SITE_OF_DNA_DAMAGE', 'GOCC_SITE_OF_DOUBLE_STRAND_BREAK', 'MISSIAGLIA_REGULATED_BY_METHYLATION_DN', 'PULVER_FOREY_CELLCYCLE_PEAKING_S2', 'REACTOME_DNA_DOUBLE_STRAND_BREAK_REPAIR', 'REACTOME_DNA_DOUBLE_STRAND_BREAK_RESPONSE', 'REACTOME_DNA_REPAIR', 'REACTOME_DOUBLE_STRAND_BREAK_REPAIR', 'REACTOME_G2_M_DNA_DAMAGE_CHECKPOINT', 'REACTOME_HOMOLOGOUS_RECOMBINATION_REPAIR_OF_REPLICATION_INDEPENDENT_DOUBLE_STRAND_BREAKS', 'REACTOME_HOMOLOGY_DIRECTED_REPAIR', 'REACTOME_PROCESSING_OF_DNA_DOUBLE_STRAND_BREAK_ENDS', 'REACTOME_SUMOYLATION_OF_DNA_DAMAGE_RESPONSE_AND_REPAIR_PROTEINS', 'REACTOME_TP53_REGULATES_TRANSCRIPTION_OF_DNA_REPAIR_GENES', 'WANG_CISPLATIN_RESPONSE_AND_XPC_UP', 'WHITFIELD_CELL_CYCLE_G2_M', 'WP_DNA_IRDAMAGE_AND_CELLULAR_RESPONSE_VIA_ATR', 'WP_DNA_IRDOUBLE_STRAND_BREAKS_AND_CELLULAR_RESPONSE_VIA_ATM', 'WP_NIPBL_ROLE_IN_DNA_DAMAGE_CORNELIA_DE_LANGE_SYNDROME', 'WP_SMC1SMC3_ROLE_IN_DNA_DAMAGE_CORNELIA_DE_LANGE_SYNDROME', 'ZHOU_CELL_CYCLE_GENES_IN_IR_RESPONSE_24HR']"
CHD4,同源重组（HR）,1,0,0,0,0,0,0,0,18,"['DEBIASI_APOPTOSIS_BY_REOVIRUS_INFECTION_DN', 'GOBP_CHROMATIN_ORGANIZATION', 'GOBP_CHROMATIN_REMODELING', 'GOBP_DNA_DAMAGE_RESPONSE', 'GOBP_DNA_REPAIR', 'GOBP_DOUBLE_STRAND_BREAK_REPAIR', 'GOBP_RECOMBINATIONAL_REPAIR', 'GOCC_CHROMOSOME', 'GOCC_SITE_OF_DNA_DAMAGE', 'GOCC_TRANSCRIPTION_REGULATOR_COMPLEX', 'GOMF_CHROMATIN_DNA_BINDING', 'GOMF_DNA_BINDING_TRANSCRIPTION_FACTOR_BINDING', 'GOMF_HISTONE_BINDING', 'GOMF_NUCLEOSOMAL_DNA_BINDING', 'GOMF_NUCLEOSOME_BINDING', 'GOMF_RNA_POLYMERASE_II_SPECIFIC_DNA_BINDING_TRANSCRIPTION_FACTOR_BINDING', 'GOMF_TRANSCRIPTION_COREGULATOR_BINDING', 'MODULE_244', 'PULVER_FOREY_CELLCYCLE_ENRICHED_TFS_G2_M', 'PULVER_FOREY_CELLCYCLE_ENRICHED_TFS_M', 'PULVER_FOREY_PERTURB_ACCUMULATION_S', 'PULVER_FOREY_PERTURB_ATTRITION_LG1', 'SU_HO_FOETAL_FEMUR_C4_FIBROBLAST']"
NIPBL,混合(HR+BER+NER),1,0,1,1,0,0,0,0,9,"['DACOSTA_UV_RESPONSE_VIA_ERCC3_DN', 'DING_LUNG_CANCER_EXPRESSION_BY_COPY_NUMBER', 'GOBP_CHROMATIN_ORGANIZATION', 'GOBP_CHROMATIN_REMODELING', 'GOBP_CHROMOSOME_ORGANIZATION', 'GOBP_DNA_DAMAGE_RESPONSE', 'GOBP_DNA_REPAIR', 'GOBP_DOUBLE_STRAND_BREAK_REPAIR', 'GOBP_MITOTIC_NUCLEAR_DIVISION', 'GOBP_RECOMBINATIONAL_REPAIR', 'GOBP_REPLICATION_BORN_DOUBLE_STRAND_BREAK_REPAIR_VIA_SISTER_CHROMATID_EXCHANGE', 'GOCC_CHROMOSOME', 'LU_AGING_BRAIN_UP', 'WHITFIELD_CELL_CYCLE_G2', 'WP_NIPBL_ROLE_IN_DNA_DAMAGE_CORNELIA_DE_LANGE_SYNDROME']"
POGZ,同源重组（HR）,1,0,0,0,0,0,0,0,18,"['ACEVEDO_METHYLATED_IN_LIVER_CANCER_DN', 'BOYAULT_LIVER_CANCER_SUBCLASS_G1_UP', 'CHARAFE_BREAST_CANCER_LUMINAL_VS_BASAL_UP', 'DAZARD_RESPONSE_TO_UV_NHEK_DN', 'DAZARD_RESPONSE_TO_UV_SCC_DN', 'GCM_DFFA', 'GENTILE_UV_HIGH_DOSE_DN', 'GENTILE_UV_RESPONSE_CLUSTER_D4', 'GOBP_CENTROMERE_COMPLEX_ASSEMBLY', 'GOBP_CHROMOSOME_ORGANIZATION', 'GOBP_DNA_DAMAGE_RESPONSE', 'GOBP_DNA_REPAIR', 'GOBP_DOUBLE_STRAND_BREAK_REPAIR', 'GOBP_KINETOCHORE_ASSEMBLY', 'GOBP_KINETOCHORE_ORGANIZATION', 'GOBP_RECOMBINATIONAL_REPAIR', 'GOCC_CHROMOSOME', 'LOCKWOOD_AMPLIFIED_IN_LUNG_CANCER', 'PULVER_FOREY_CELLCYCLE_PEAKING_S2', 'PULVER_FOREY_PERTURB_ATTRITION_S', 'SU_HO_CONV_CENT_CHONDROSARCOMA_C1_HIGH_GRADE_CHONDROSARCOMA_2', 'WANG_CLIM2_TARGETS_UP']"
RBBP6,碱基切除修复（BER）,0,0,1,0,0,0,0,0,14,"['CHEN_NEUROBLASTOMA_COPY_NUMBER_GAINS', 'DEBIASI_APOPTOSIS_BY_REOVIRUS_INFECTION_DN', 'ENK_UV_RESPONSE_KERATINOCYTE_UP', 'GINESTIER_BREAST_CANCER_ZNF217_AMPLIFIED_DN', 'GOBP_DNA_DAMAGE_RESPONSE', 'GOBP_DNA_REPLICATION', 'GOBP_REGULATION_OF_DNA_REPLICATION', 'GOCC_CHROMOSOME', 'GOCC_NUCLEOLUS', 'HATADA_METHYLATED_IN_LUNG_CANCER_UP', 'KYNG_DNA_DAMAGE_BY_GAMMA_AND_UV_RADIATION', 'KYNG_DNA_DAMAGE_UP', 'PULVER_FOREY_CELLCYCLE_PEAKING_G2_M', 'SU_HO_CONV_CENT_CHONDROSARCOMA_C1_HIGH_GRADE_CHONDROSARCOMA_2', 'VANHARANTA_UTERINE_FIBROID_WITH_7Q_DELETION_UP', 'WANG_CLIM2_TARGETS_DN']"
SMC5,混合(NER+HR+NHEJ),1,1,0,3,0,0,0,0,19,"['CASORELLI_ACUTE_PROMYELOCYTIC_LEUKEMIA_UP', 'DACOSTA_UV_RESPONSE_VIA_ERCC3_COMMON_DN', 'DACOSTA_UV_RESPONSE_VIA_ERCC3_DN', 'DAZARD_RESPONSE_TO_UV_NHEK_DN', 'DAZARD_UV_RESPONSE_CLUSTER_G6', 'FAELT_B_CLL_WITH_VH3_21_DN', 'GOBP_CHROMATIN_ORGANIZATION', 'GOBP_CHROMOSOME_ORGANIZATION', 'GOBP_DNA_DAMAGE_RESPONSE', 'GOBP_DNA_REPAIR', 'GOBP_DOUBLE_STRAND_BREAK_REPAIR', 'GOBP_DOUBLE_STRAND_BREAK_REPAIR_VIA_NONHOMOLOGOUS_END_JOINING', 'GOBP_MITOTIC_RECOMBINATION', 'GOBP_RECOMBINATIONAL_REPAIR', 'GOBP_TELOMERE_ORGANIZATION', 'GOCC_CHROMOSOME', 'GOCC_CHROMOSOME_CENTROMERIC_REGION', 'GOCC_CONDENSED_CHROMOSOME', 'GOCC_SITE_OF_DNA_DAMAGE', 'GOCC_SITE_OF_DOUBLE_STRAND_BREAK', 'GOCC_SMC5_SMC6_COMPLEX', 'GOMF_DNA_SECONDARY_STRUCTURE_BINDING', 'HUTTMANN_B_CLL_POOR_SURVIVAL_DN', 'LU_AGING_BRAIN_UP', 'MORF_DDB1', 'PULVER_FOREY_CELLCYCLE_PEAKING_S1', 'REACTOME_SUMOYLATION_OF_DNA_DAMAGE_RESPONSE_AND_REPAIR_PROTEINS', 'SCHLOSSER_SERUM_RESPONSE_DN', 'SCIBETTA_KDM5B_TARGETS_DN']"
DDB2,混合(NER+BER),0,0,1,6,0,0,0,0,21,"['CHICAS_RB1_TARGETS_SENESCENT', 'DEBIASI_APOPTOSIS_BY_REOVIRUS_INFECTION_DN', 'DEURIG_T_CELL_PROLYMPHOCYTIC_LEUKEMIA_DN', 'ENK_UV_RESPONSE_EPIDERMIS_UP', 'GOBP_DNA_DAMAGE_RESPONSE', 'GOBP_DNA_REPAIR', 'GOBP_NUCLEOTIDE_EXCISION_REPAIR', 'GOBP_PYRIMIDINE_DIMER_REPAIR', 'GOBP_UV_DAMAGE_EXCISION_REPAIR', 'GOCC_CHROMOSOME', 'GOCC_SITE_OF_DNA_DAMAGE', 'HALLMARK_DNA_REPAIR', 'HP_ABNORMALITY_OF_DNA_REPAIR', 'HP_DEFECTIVE_DNA_REPAIR_AFTER_ULTRAVIOLET_RADIATION_DAMAGE', 'KANNAN_TP53_TARGETS_UP', 'KAUFFMANN_DNA_REPAIR_GENES', 'KEGG_NUCLEOTIDE_EXCISION_REPAIR', 'KEGG_P53_SIGNALING_PATHWAY', 'MANN_RESPONSE_TO_AMIFOSTINE_UP', 'PULVER_FOREY_CELLCYCLE_PEAKING_S1', 'REACTOME_DNA_DAMAGE_RECOGNITION_IN_GG_NER', 'REACTOME_DNA_REPAIR', 'REACTOME_GLOBAL_GENOME_NUCLEOTIDE_EXCISION_REPAIR_GG_NER', 'REACTOME_NUCLEOTIDE_EXCISION_REPAIR', 'REACTOME_TP53_REGULATES_TRANSCRIPTION_OF_DNA_REPAIR_GENES', 'ROVERSI_GLIOMA_COPY_NUMBER_UP', 'SMIRNOV_RESPONSE_TO_IR_6HR_UP', 'SPIELMAN_LYMPHOBLAST_EUROPEAN_VS_ASIAN_UP', 'SU_HO_FOETAL_FEMUR_C3_PROLIFERATING_CHONDROCYTE', 'TSAI_RESPONSE_TO_IONIZING_RADIATION', 'VANHARANTA_UTERINE_FIBROID_UP', 'WP_DNA_DAMAGE_RESPONSE', 'WP_DNA_REPAIR_PATHWAYS_FULL_NETWORK', 'WP_MIRNA_REGULATION_OF_DNA_DAMAGE_RESPONSE', 'WP_NUCLEOTIDE_EXCISION_REPAIR', 'WP_NUCLEOTIDE_EXCISION_REPAIR_IN_XERODERMA_PIGMENTOSUM']"
CDC5L,损伤应答检查点（CP）,0,0,0,0,0,0,0,4,19,"['ACEVEDO_LIVER_CANCER_UP', 'ACEVEDO_LIVER_TUMOR_VS_NORMAL_ADJACENT_TISSUE_UP', 'CASORELLI_ACUTE_PROMYELOCYTIC_LEUKEMIA_DN', 'ENK_UV_RESPONSE_EPIDERMIS_DN', 'GOBP_DNA_DAMAGE_RESPONSE', 'GOBP_DNA_INTEGRITY_CHECKPOINT_SIGNALING', 'GOBP_DNA_REPAIR', 'GOBP_SIGNAL_TRANSDUCTION_IN_RESPONSE_TO_DNA_DAMAGE', 'GOCC_DNA_REPLICATION_FACTOR_A_COMPLEX', 'GOCC_NUCLEAR_REPLICATION_FORK', 'GOCC_PROTEIN_DNA_COMPLEX', 'GOCC_REPLICATION_FORK', 'GOCC_REPLISOME', 'GOMF_DNA_BINDING_TRANSCRIPTION_FACTOR_ACTIVITY', 'GOMF_RNA_POLYMERASE_II_TRANSCRIPTION_REGULATORY_REGION_SEQUENCE_SPECIFIC_DNA_BINDING', 'GOMF_SEQUENCE_SPECIFIC_DNA_BINDING', 'PULVER_FOREY_CELLCYCLE_ENRICHED_TFS_G2', 'PULVER_FOREY_CELLCYCLE_ENRICHED_TFS_G2_M', 'PULVER_FOREY_CELLCYCLE_ENRICHED_TFS_S2', 'PULVER_FOREY_CELLCYCLE_PEAKING_S1', 'TIEN_INTESTINE_PROBIOTICS_24HR_DN', 'TIEN_INTESTINE_PROBIOTICS_6HR_UP', 'XU_AKT1_TARGETS_6HR']"
NABP2,同源重组（HR）,1,0,0,0,0,0,0,0,10,"['ACEVEDO_LIVER_TUMOR_VS_NORMAL_ADJACENT_TISSUE_UP', 'GOBP_CHROMOSOME_ORGANIZATION', 'GOBP_DNA_DAMAGE_RESPONSE', 'GOBP_DNA_REPAIR', 'GOBP_DOUBLE_STRAND_BREAK_REPAIR', 'GOBP_RECOMBINATIONAL_REPAIR', 'GOBP_TELOMERE_CAPPING', 'GOBP_TELOMERE_ORGANIZATION', 'GOCC_CHROMOSOME', 'GOCC_SITE_OF_DNA_DAMAGE', 'GOCC_SITE_OF_DOUBLE_STRAND_BREAK', 'GOMF_DNA_POLYMERASE_BINDING', 'GOMF_SEQUENCE_SPECIFIC_DNA_BINDING', 'GOMF_SEQUENCE_SPECIFIC_SINGLE_STRANDED_DNA_BINDING', 'PULVER_FOREY_CELLCYCLE_PEAKING_G2_M', 'PULVER_FOREY_PERTURB_ATTRITION_LG1', 'WP_DNA_IRDOUBLE_STRAND_BREAKS_AND_CELLULAR_RESPONSE_VIA_ATM']"
CHCHD6,损伤应答检查点（CP）,0,0,0,0,0,0,0,1,1,"['GOBP_DNA_DAMAGE_RESPONSE', 'PULVER_FOREY_PERTURB_ATTRITION_LG1']"
INIP,同源重组（HR）,1,0,0,0,0,0,0,0,7,"['ACEVEDO_LIVER_CANCER_UP', 'ACEVEDO_LIVER_TUMOR_VS_NORMAL_ADJACENT_TISSUE_UP', 'GEORGES_TARGETS_OF_MIR192_AND_MIR215', 'GINESTIER_BREAST_CANCER_ZNF217_AMPLIFIED_UP', 'GOBP_DNA_DAMAGE_RESPONSE', 'GOBP_DNA_REPAIR', 'GOBP_DOUBLE_STRAND_BREAK_REPAIR', 'GOBP_RECOMBINATIONAL_REPAIR', 'GOCC_CHROMOSOME', 'GOCC_SITE_OF_DNA_DAMAGE', 'GOCC_SITE_OF_DOUBLE_STRAND_BREAK', 'PULVER_FOREY_CELLCYCLE_PEAKING_S2', 'WANG_LMO4_TARGETS_UP']"
ZMYND8,混合(NER+HR),1,0,0,3,0,0,0,0,18,"['DACOSTA_UV_RESPONSE_VIA_ERCC3_COMMON_DN', 'DACOSTA_UV_RESPONSE_VIA_ERCC3_DN', 'DAZARD_RESPONSE_TO_UV_NHEK_DN', 'DAZARD_RESPONSE_TO_UV_SCC_DN', 'DAZARD_UV_RESPONSE_CLUSTER_G6', 'ENK_UV_RESPONSE_KERATINOCYTE_DN', 'GENTILE_UV_HIGH_DOSE_DN', 'GENTILE_UV_RESPONSE_CLUSTER_D6', 'GOBP_CHROMATIN_ORGANIZATION', 'GOBP_DNA_DAMAGE_RESPONSE', 'GOBP_DNA_REPAIR', 'GOBP_DOUBLE_STRAND_BREAK_REPAIR', 'GOBP_RECOMBINATIONAL_REPAIR', 'GOCC_CHROMOSOME', 'GOCC_NUCLEOLUS', 'GOCC_SITE_OF_DNA_DAMAGE', 'GOMF_DNA_BINDING_TRANSCRIPTION_FACTOR_BINDING', 'GOMF_HISTONE_BINDING', 'GSE12963_UNINF_VS_ENV_AND_NEF_AND_VPR_DEFICIENT_HIV1_INF_CD4_TCELL_UP', 'HELLER_HDAC_TARGETS_DN', 'HELLER_HDAC_TARGETS_SILENCED_BY_METHYLATION_DN', 'NAKAMURA_TUMOR_ZONE_PERIPHERAL_VS_CENTRAL_DN', 'PHONG_TNF_RESPONSE_VIA_P38_COMPLETE', 'PULVER_FOREY_CELLCYCLE_PEAKING_G2_M', 'TIEN_INTESTINE_PROBIOTICS_2HR_DN', 'TOYOTA_TARGETS_OF_MIR34B_AND_MIR34C']"
